Name,Country
360 VOX Corporation,Canada
3MV Energy Corp,Canada
49 North Resources Inc,Canada
88 Capital Corp,Canada
Abacus Mining & Exploration Corporation,Canada
Abcana Capital Inc,Canada
Abcourt Mines Inc.,Canada
ABE Resources Inc.,Canada
Aben Resources Ltd,Canada
Abenteuer Resources Corp.,Canada
Abington Resources Ltd,Canada
Abitibi Mining Corp.,Canada
Abitibi Royalties Inc,Canada
Abzu Gold Ltd,Canada
Acasti Pharma Inc.,Canada
Acceleware Ltd,Canada
Access International Education Ltd.,Canada
Ackroo Inc.,Canada
Acme Resources Inc,Canada
Acrex Ventures Ltd.,Canada
ACT Aurora Control Technologies Corp,Canada
ACT360 Solutions Ltd.,Canada
Active Control Technology Inc.,Canada
Active Growth Capital Inc,Canada
Actus Minerals Corp,Canada
Adamera Minerals Corp.,Canada
Adanac Molybdenum Corporation,Canada
Adent Capital Corp.,Canada
Adex Mining Inc,Canada
Adira Energy Ltd,Other
Adriana Resources Inc.,Canada
Adroit Resources Inc.,Canada
Advance Gold Corp,Canada
Advanced Explorations Inc.,Canada
Advanced Proteome Therapeutics Corporation,USA
Advent Wireless Inc.,Canada
Adventure Gold Inc,Canada
Aegean Metals Group Inc.,Canada
Africa Hydrocarbons Inc,Canada
Africa Oil Corp,Canada
"African Gold Group, Inc.",Canada
Afri-Can Marine Minerals Corporation,Canada
African Metals Corporation,Canada
African Queen Mines Ltd,Canada
Agave Silver Corp.,Canada
"Agility Health, Inc.",USA
AgriMarine Holdings Inc,Canada
AgriMinco Corp.,Canada
"Agritec Systems, Inc.",USA
Aguila American Gold Limited,Canada
Aim Explorations Ltd,Canada
AirIQ Inc.,Canada
Alaska Hydro Corporation,USA
Alberta Oilsands Inc,Canada
Alberta Star Development Corp.,Canada
Alchemist Mining Inc.,Canada
Alder Resources Ltd.,Canada
Aldershot Resources Ltd.,Canada
Aldridge Minerals Inc.,Canada
Aldrin Resource Corp,Canada
Alexander Energy Ltd,Canada
Alexander Nubia International Inc,Canada
Alexandra Capital Corp,Canada
Alexandria Minerals Corporation,Canada
Algae Biosciences Corporation,USA
Algold Resources Ltd.,Canada
Alhambra Resources Ltd.,Canada
Alita Resources Ltd,Canada
Alix Resources Corp,Canada
All in West! Capital Corporation,Canada
Allegiance Equity Corporation,Canada
Alliance Mining Corp,Canada
Allied Hotel Properties Inc.,Canada
Almo Capital Corp.,Canada
Almonty Industries Inc,USA
Alpha Exploration Inc.,Canada
Alpha Peak Leisure Inc.,Canada
Alphamin Resources Corp,Canada
Alphinat Inc.,Canada
ALQ Gold Corp.,Canada
Alston Energy Inc,Canada
Alta Natural Herbs & Supplements Ltd.,Canada
Alta Vista Ventures Ltd.,Canada
Altai Resources Inc.,Canada
Altair Gold Inc,Canada
Altan Nevada Minerals Limited,Canada
Altan Rio Minerals Limited,Canada
Alternative Earth Resources Inc.,Canada
Altima Resources Ltd.,Canada
Altiplano Minerals Ltd,Canada
Altitude Resources Inc.,Canada
Alto Ventures Ltd.,Canada
Alturas Minerals Corp.,Mexico and Central/South America
Alvopetro Energy Ltd.,Canada
AM Gold Inc,Canada
Amador Gold Corp.,Canada
Amanta Resources Ltd.,Canada
Amarc Resources Ltd.,Canada
Amarillo Gold Corporation,Canada
Amarok Energy Inc,Canada
Amato Exploration Ltd,Canada
American Consolidated Minerals Corp,Canada
American Creek Resources Ltd,Canada
American CuMo Mining Corporation,Canada
American Manganese Inc,Canada
American Natural Energy Corp.,USA
American Vanadium Corp,Canada
Americas Petrogas Inc,Canada
Amerix Precious Metals Corporation,Canada
Amex Exploration Inc.,Canada
AMG Bioenergy Resources Holdings Ltd,China/Asia
AMI Resources Inc.,Canada
Amseco Exploration Ltd,Canada
AnalytixInsight Inc.,Canada
Anconia Resources Corp,Canada
AndeanGold Ltd,USA
Andover Mining Corp,Canada
Anfield Nickel Corp,Canada
Anfield Resources Inc.,Canada
Angel Gold Corp.,Canada
Angkor Gold Corp,Canada
Anglo Swiss Resources Inc.,Canada
Anglo-Bomarc Mines Ltd. (N.P.L.),Canada
Anglo-Canadian Mining Corp,Canada
Angus Mining Inc,Canada
Animas Resources Ltd,Canada
Annidis Corporation,Canada
Ansell Capital Corp,Canada
Anterra Energy Inc,Canada
Anthem Resources Inc,Canada
Anthony Clark International Insurance Brokers Ltd.,Canada
Antibe Therapeutics Inc.,Canada
Antioquia Gold Inc,Canada
Apogee Silver Ltd,Canada
Appalaches Resources Inc.,Canada
Appulse Corporation,Canada
AQM Copper Inc,Mexico and Central/South America
Aqua-Pure Ventures Inc.,Canada
Aquarius Coatings Inc.,Canada
Arcan Resources Ltd.,Canada
Archean Star Resources Inc.,Canada
Archer Petroleum Corp,Canada
Archon Minerals Limited,Canada
Arco Resources Corp,Canada
Arctic Hunter Energy Inc,Canada
Arctic Star Exploration Corp,Canada
Arcturus Ventures Inc.,Canada
Arcus Development Group Inc,Canada
Ardonblue Ventures Inc.,Canada
Arena Minerals Inc.,Canada
Argentex Mining Corporation,Canada
Argentum Silver Corp,Canada
Argonaut Exploration Inc,Canada
Argus Metals Corp,Canada
Arian Resources Corp.,Canada
Arian Silver Corporation,UK/Europe
Arianne Phosphate Inc.,Canada
Arkadia Capital Corp,Canada
Armada Data Corporation,Canada
Aroway Energy Inc,Canada
ArPetrol Ltd,Canada
Arrowhead Gold Corp,Canada
Arrowstar Resources Ltd,Canada
Artha Resources Corporation,Canada
Artisan Energy Corporation,Canada
Asante Gold Corporation,Canada
ASB Capital Inc,Canada
Ascot Resources Ltd.,Canada
Ashburton Ventures Inc,Canada
Asher Resources Corporation,Canada
Asia Now Resources Corp.,China/Asia
Asia Packaging Group Inc.,China/Asia
AsiaBaseMetals Inc,Canada
Asian Mineral Resources Limited,Canada
Asian Television Network International Ltd.,Canada
Astar Minerals Ltd.,Canada
Aston Bay Holdings Ltd.,USA
Astorius Resources Ltd,Canada
Astrix Networks Inc.,Canada
Astur Gold Corp,Canada
ATAC Resources Ltd.,Canada
Atacama Pacific Gold Corporation,Canada
Athabasca Minerals Inc,Canada
Athabasca Nuclear Corp.,Canada
Athabasca Uranium Inc,Canada
ATI Airtest Technologies Inc.,Canada
Atico Mining Corporation,Canada
Atikwa Resources Inc,Canada
Atlanta Gold Inc,Canada
Atlatsa Resources Corporation,Canada
AtmanCo Inc.,Canada
Atoro Capital Corp,Canada
Augusta Industries Inc,Canada
Augyva Mining Resources Inc.,Canada
Aumento Capital II Corporation,Canada
Aumento Capital IV Corporation,Canada
Aura Silver Resources Inc,Canada
Auracle Resources Ltd,Canada
Auramex Resource Corp.,Canada
Aurania Resources Ltd.,Canada
Aurcana Corporation,Canada
AurCrest Gold Inc,Canada
Aurgent Gold Corp.,Canada
Auriga Gold Corp,Canada
Aurinia Pharmaceuticals Inc.,Canada
Aurion Resources Ltd,Canada
Aurora Spine Corporation,USA
Aurvista Gold Corporation,Canada
Auryn Resources Inc.,Canada
AusTex Oil Limited,Australia/NZ/PNG
Avagenesis Corp.,Canada
Avala Resources Ltd,Canada
Avante Logixx Inc,Canada
Avanti Energy Inc.,Canada
Avanti Mining Inc,USA
Aveda Transportation and Energy Services Inc,Canada
Avidus Management Group Inc.,Canada
Avino Silver & Gold Mines Ltd.,Canada
Avivagen Inc.,Canada
Avrupa Minerals Ltd,Canada
AXE Exploration Inc.,Canada
AXMIN Inc.,Canada
Azabache Energy Inc,Canada
Azimut Exploration Inc.,Canada
Azincourt Uranium Inc.,Canada
Azul Ventures Inc,Canada
Azure Resources Corporation,Canada
Bacanora Minerals Ltd,Canada
Baikal Forest Corp,China/Asia
Bama Gold Corp,Canada
Bandera Gold Ltd.,Canada
Banks Island Gold Ltd,Canada
Banyan Gold Corp.,Canada
Bard Ventures Ltd.,Canada
Barisan Gold Corporation,Canada
Barker Minerals Ltd.,Canada
Barkerville Gold Mines Ltd,Canada
Baroyeca Gold & Silver Inc,Canada
Batero Gold Corp,Canada
Bayfield Ventures Corp.,Canada
Bayhorse Silver Inc.,Canada
Bayshore Petroleum Corp.,Canada
Bayswater Uranium Corporation,Canada
BCGold Corp,Canada
BCM Resources Corporation,Canada
Be Resources Inc,USA
Bear Creek Mining Corporation,Canada
Bear Lake Gold Ltd,Canada
Bearclaw Capital Corp.,Canada
Bearing Resources Ltd,Canada
Beaufield Resources Inc.,Canada
Beaumont Select Corporations Inc.,Canada
Bell Copper Corporation,Canada
Bellhaven Copper & Gold Inc.,Canada
Belmont Resources Inc.,Canada
Belvedere Resources Ltd.,Canada
Benton Capital Corp,Canada
Benton Resources Inc,Canada
Benz Capital Corp,Canada
Berkwood Resources Ltd,Canada
Bethpage Capital Corp,Canada
Bevo Agro Inc.,Canada
BFS Entertainment & Multimedia Limited,Canada
BHK Resources Inc.,Canada
Big North Graphite Corp,Canada
Big Sky Petroleum Corporation,USA
biOasis Technologies Inc,Canada
bioMmune Technologies Inc.,Canada
Biorem Inc.,Canada
BioSign Technologies Inc,Canada
Biosyent Inc.,Canada
Birch Hill Gold Corp.,Canada
Birch Lake Energy Inc,Canada
Bison Gold Resources Inc,Canada
Bitterroot Resources Ltd.,Canada
Black Birch Capital Acquisition III Corp.,Canada
Black Isle Resources Corporation,Canada
Black Panther Mining Corp,Canada
Black Sparrow Capital Corp,Canada
Black Springs Capital Corp,Canada
Black Widow Resources Inc.,Canada
Blackbird Energy Inc,Canada
Blackdog Resources Ltd.,Canada
Blackhawk Resource Corp,Canada
Blackheath Resources Inc,Canada
Blackline GPS Corp,Canada
Blacksteel Energy Inc,Canada
Blackstone Ventures Inc.,Canada
BLF Real Estate Investment Trust,Canada
Blind Creek Resources Ltd,Canada
Blue River Resources Ltd,Canada
Blue Sky Uranium Corp,Canada
Bluedrop Performance Learning Inc,Canada
Bluefire Mining Corp.,Canada
BlueRush Media Group Corp,Canada
Bluestone Resources Inc,Canada
BluMetric Environmental Inc.,Canada
BNP Resources Inc,Canada
Bold Stroke Ventures Inc,Canada
Bold Ventures Inc,Canada
Bonaparte Resources Inc,Canada
Bonterra Resources Inc,Canada
Boost Capital Corp,Canada
Border Petroleum Corp,Canada
Boss Power Corp,Canada
Bowmore Exploration Ltd,Canada
Boxxer Gold Corp.,Canada
Brades Resource Corp.,Canada
Bralorne Gold Mines Ltd.,Canada
Branco Resources Ltd.,Canada
Brand Marvel Worldwide Consumer Products Corporation,China/Asia
Brandenburg Energy Corp,Canada
Bravada Gold Corporation,Canada
Bravura Ventures Corp,Canada
Brazil Resources Inc.,Canada
Brigadier Gold Limited,Canada
BrightPath Early Learning Inc.,Canada
Brilliant Resources Inc,Canada
Brionor Resources Inc,Canada
British Controlled Oilfields Limited,Canada
Brixton Energy Corp,Canada
Brixton Metals Corporation,Canada
Brookemont Capital Inc,Canada
Brookfield Investments Corporation,Canada
Brookwater Ventures Inc,Canada
Broome Capital Inc.,Canada
Brownstone Energy Inc,Canada
BRS Resources Ltd,USA
BSM Technologies Inc.,Canada
Buccaneer Gold Corp,Canada
Builders Capital Mortgage Corp.,Canada
Bullion Gold Resources Corp.,Canada
Bullman Minerals Inc.,Canada
Burnstone Ventures Inc,Canada
Butte Energy Inc,Canada
Cabo Drilling Corp.,Canada
Cache Exploration Inc,Canada
Cadan Resources Corporation,Canada
Cadillac Mining Corporation,Canada
Cadillac Ventures Inc,Canada
Cairo Resources Ltd,Canada
CaiTerra International Energy Corporation,Canada
Calibre Mining Corp,Canada
Calico Resources Corp,Canada
California Gold Mining Inc.,Canada
California Nanotechnologies Corp,USA
Callinan Royalties Corporation,Canada
Callinex Mines Inc,Canada
Calyx Bio-Ventures Inc,Canada
Camino Minerals Corporation,Canada
Cana Venture Capital Corp,Canada
Canada Carbon Inc.,Canada
Canada Coal Inc,Canada
Canada Energy Partners Inc,Canada
Canada Fluorspar Inc,Canada
Canada Rare Earth Corp.,Canada
Canada Strategic Metals Inc,Canada
Canada Zinc Metals Corp.,Canada
Canadian Arrow Mines Limited,Canada
Canadian Equipment Rental Fund Limited Partnership,Canada
Canadian Imperial Venture Corp.,Canada
Canadian International Minerals Inc,Canada
Canadian Mining Company Inc,Canada
Canadian Oil Recovery & Remediation Enterprises Ltd.,Canada
Canadian Oilfield Solutions Corp.,Canada
Canadian Orebodies Inc,Canada
Canadian Overseas Petroleum Limited,Canada
Canadian Platinum Corp,Canada
Canadian Quantum Energy Corporation,Canada
Canadian Silver Hunter Inc,Canada
Canadian Spirit Resources Inc.,Canada
CanaDream Corporation,Canada
Canaf Group Inc,Canada
Canalaska Uranium Ltd.,Canada
CanAm Coal Corp,Canada
Canamex Resources Corp.,Canada
CanAsia Financial Inc,China/Asia
Canasil Resources Inc.,Canada
Cancana Resources Corp,Canada
Cangold Limited,Canada
Cannon Point Resources Ltd,Canada
Canoe Mining Ventures Corp.,Canada
Canoel International Energy Ltd,Canada
Canstar Resources Inc,Canada
Canterra Minerals Corporation,Canada
Cantex Mine Development Corp.,Canada
Canuc Resources Corporation,Canada
Canyon Copper Corp,Canada
Canyon Creek Food Company Ltd.,Canada
Cap-Ex Iron Ore Ltd.,Canada
CapGain Properties Inc.,USA
Capital DGMC Inc,Canada
Capstream Ventures Inc,Canada
Caracara Silver Inc,Canada
Cardiff Energy Corp,Canada
CardioComm Solutions Inc.,Canada
Cariboo Rose Resources Ltd.,Canada
Caribou King Resources Ltd,Canada
Carlin Gold Corporation,Canada
Carmax Mining Corp.,Canada
Carolina Capital Corp,Canada
Carrie Arran Resources Inc,Canada
Carrus Capital Corporation,Canada
Cartier Resources Inc,Canada
Cascade Resources Ltd,Canada
Cascadero Copper Corporation,Canada
Cascadia Resources Inc,Canada
Cassidy Gold Corp.,Canada
Cassius Ventures Ltd,Canada
Castle Mountain Mining Company Limited,Canada
Castle Peak Mining Ltd,Canada
Castle Resources Inc,Canada
Catalyst Copper Corp,Canada
Cava Resources Inc,Canada
Cavan Ventures Inc,Canada
Cayden Resources Inc,Canada
Caymus Resources Inc,Canada
Caza Gold Corp,Canada
CB Gold Inc,Canada
CBM Asia Development Corp,Canada
C-Com Satellite Systems Inc.,Canada
CCT Capital Ltd,Canada
Ceapro Inc.,Canada
Ceiba Energy Services Inc.,Canada
Celeste Mining Corp.,Canada
Cematrix Corporation,Canada
Cencotech Inc.,Canada
Central Iron Ore Limited,Canada
Central Resources Corp,Canada
Centurion Minerals Ltd.,Canada
Century Energy Ltd.,USA
Cerro Mining Corp,Canada
CGX Energy Inc.,Canada
Challenger Deep Resources Corp.,Canada
Champion Bear Resources Ltd.,Canada
Changfeng Energy Inc,China/Asia
Channel Resources Ltd.,Canada
CHC Realty Capital Corp.,Canada
Chesapeake Gold Corp.,Canada
Chibougamau Independent Mines Inc.,Canada
Chimata Gold Corp,Canada
China Education Resources Inc.,China/Asia
China Health Labs & Diagnostics Ltd.,China/Asia
China Keli Electric Company Ltd,China/Asia
China Minerals Mining Corporation,China/Asia
China Wind Power International Corp,China/Asia
Chinapintza Mining Corp.,Canada
Chlormet Technologies Inc.,Canada
Cicada Ventures Ltd,Canada
Cinaport Acquisition Corp,Canada
Circa Enterprises Inc,Canada
Citation Resources Inc,Canada
Claim Post Resources Inc,Canada
Clean Seed Capital Group Ltd,Canada
Clear Mountain Resources Corp,Canada
Clearford Industries Inc.,Canada
Clemex Technologies Inc.,Canada
Cliffmont Resources Ltd,Canada
Clifton Star Resources Inc.,Canada
CMC Metals Ltd.,Canada
CMQ Resources Inc.,Canada
CO2 Solutions Inc.,Canada
Coastal Gold Corp.,Canada
Cobalt Coal Ltd.,Canada
Cobra Venture Corporation,Canada
Codrington Resource Corporation,Canada
Cogitore Resources Inc,Canada
Colibri Resource Corporation,Canada
Colombia Crest Gold Corp,Canada
Colombian Mines Corporation,Canada
Colonial Coal International Corp.,Canada
Colorado Resources Ltd,Canada
Colt Resources Inc,Canada
Columbia Yukon Explorations Inc.,Canada
Columbus Copper Corporation,Canada
Columbus Energy Limited,Canada
Columbus Exploration Corporation,Canada
Columbus Gold Corporation,Canada
Comet Industries Ltd.,Canada
Commander Resources Ltd.,Canada
Commerce Resources Corp.,Canada
Compass Gold Corporation,Canada
Compliance Energy Corporation,Canada
Comstock Metals Ltd,Canada
ComWest Enterprise Corp,Canada
Condor Resources Inc,Canada
Confederation Minerals Ltd,Canada
Conifex Timber Inc,Canada
Conquest Resources Limited,Canada
Consolidated Firstfund Capital Corp.,Canada
Consolidated Woodjam Copper Corp,Canada
Constantine Metal Resources Ltd,Canada
Contact Exploration Inc.,Canada
Coopers Park Corporation,Canada
Copper Creek Gold Corp,Canada
Copper Fox Metals Inc.,Canada
Copper North Mining Corp,Canada
Copper One Inc,Canada
Coral Gold Resources Ltd.,Canada
Corazon Gold Corp,Canada
Cordoba Minerals Corp,Canada
Cordy Oilfield Services Inc.,Canada
Corex Gold Corporation,Canada
Cornerstone Capital Resources Inc.,Canada
Cornerstone Metals Inc,Canada
Coronado Resources Ltd.,Canada
Coronet Metals Inc.,Canada
Corporate Catalyst Acquisition Inc.,Canada
Corporation minière Golden Share / Golden Share Mining Corporation,Canada
Corsa Coal Corp,Canada
Cortex Business Solutions Inc,Canada
Cortez Gold Corp,Canada
Cosigo Resources Ltd,Canada
Cougar Minerals Corp,Canada
Covalon Technologies Ltd.,Canada
Coventry Resources Inc.,Canada
Craig Wireless Systems Ltd.,USA
Crailar Technologies Inc.,Canada
Crazy Horse Resources Inc,Canada
Creso Exploration Inc,Canada
Crest Petroleum Corp,Canada
Cresval Capital Corp.,Canada
Cricket Resources Inc,Canada
Crimson Bioenergy Ltd,Canada
Critical Elements Corporation,Canada
Critical Outcome Technologies Inc.,Canada
Crown Gold Corporation,Canada
Crown Point Energy Inc,Canada
Crowsnest Acquisition Corp.,Canada
CRS Electronics Inc,Canada
CSM Systems Corp.,Canada
CT Developers Ltd,Canada
Cub Energy Inc,USA
CuOro Resources Corp,Canada
Curlew Lake Resources Inc.,Canada
Currie Rose Resources Inc.,Canada
CWC Well Services Corp.,Canada
CWN Mining Acquisition Corporation,Canada
CYGAM Energy Inc.,Canada
Cymat Technologies Ltd.,Canada
Cynapsus Therapeutics Inc,Canada
Cypress Development Corp.,Canada
Cypress Hills Resource Corp.,Canada
Dacha Strategic Metals Inc.,Canada
Dajin Resources Corp.,Canada
Dakar Resource Corp,Canada
Dalmac Energy Inc.,Canada
Damon Capital Corp,Canada
Darnley Bay Resources Limited,Canada
Darwin Resources Corp,Canada
Dawson Gold Corp,Canada
Decade Resources Ltd,Canada
Decisive Dividend Corporation,Canada
Declan Resources inc,Canada
Deer Horn Metals Inc,USA
Defiance Silver Corp,Canada
Deloro Resources Ltd.,USA
Delta Gold Corporation,Canada
DEQ Systems Corp.,Canada
Desert Eagle Resources Ltd,Canada
Desert Gold Ventures Inc.,Canada
Desert Star Resources Ltd.,Canada
Desmarais Energy Corporation,Canada
Desmond Investments Ltd,UK/Europe
Destiny Media Technologies Inc,Canada
Detector Exploration Ltd.,Canada
Deveron Resources Ltd.,Canada
DGM Minerals Corp,Canada
Diagnos Inc.,Canada
Diamcor Mining Inc.,Canada
DiaMedica Inc.,Canada
Diamond Estates Wines & Spirits Inc.,Canada
Diamond Fields International Ltd.,Canada
Digital Shelf Space Corp,Canada
Dios Exploration Inc.,Canada
Discovery Harbour Resources Corp.,Canada
Discovery Ventures Inc,Canada
Discovery-Corp Enterprises Inc.,Canada
Ditem Explorations Inc.,Canada
Divestco Inc.,Canada
DNI Metals Inc,Canada
Dolly Varden Silver Corporation,Canada
Donner Metals Ltd.,Canada
Donnybrook Energy Inc,Canada
Donnycreek Energy Inc,Canada
Dorex Minerals Inc.,Canada
DOT Resources Ltd.,Canada
Doubleview Capital Corp.,Canada
Doxa Energy Ltd,USA
Driven Capital Corp,Canada
DualEx Energy International Inc.,Canada
Dunav Resources Ltd,Canada
Duncan Park Holdings Corporation,Canada
Duncastle Gold Corp,Canada
Dundarave Resources Inc.,Canada
Dunnedin Ventures Inc.,Canada
Duran Ventures Inc.,Canada
Durango Resources Inc.,Canada
DV Resources Ltd,Canada
DXStorm.com Inc.,Canada
DynaCERT Inc.,Canada
Dynasty Gold Corp.,Canada
Dynex Power Inc.,China/Asia
E.S.I. Environmental Sensors Inc.,Canada
Eagle Hill Exploration Corporation,Canada
Eagle Mountain Gold Corp,Canada
Eagle Plains Resources Ltd.,Canada
Eagle Star Minerals Corp,Canada
Eaglewood Energy Inc,Canada
Earny Resources Ltd,Canada
Earthworks Industries Inc.,Canada
East Africa Metals Inc.,Canada
East Asia Minerals Corporation,Canada
East West Petroleum Corp,Canada
EastCoal Inc,Canada
Eastfield Resources Ltd.,Canada
Echelon Petroleum Corp.,Canada
Eco (Atlantic) Oil & Gas Ltd,Other
Ecometals Limited,Canada
Ecuador Gold and Copper Corp,Canada
Edge Resources Inc,Canada
Edgefront Realty Corp.,Canada
Edgewater Exploration Ltd,Canada
Edgewater Wireless Systems Inc,Canada
E-Energy Ventures Inc.,Canada
EFT Canada Inc.,Canada
Eguana Technologies Inc.,Canada
El Condor Minerals Inc,Canada
El Nino Ventures Inc.,Canada
El Tigre Silver Corp,Canada
Elcora Resources Corp.,Canada
Electra Gold Ltd.,Canada
Element 79 Capital Inc.,Canada
Elevation Capital Corp.,Canada
Elissa Resources Ltd.,Canada
Elkwater Resources Ltd.,Canada
Eloro Resources Ltd.,Canada
Ely Gold & Minerals Inc,Canada
EmberClear Corp,Canada
eMedia Networks International Corporation,Canada
Emerald Bay Energy Inc.,Canada
Emerge Resources Corp.,Canada
Emerita Gold Corp.,UK/Europe
Emgold Mining Corporation,Canada
Emperor Oil Ltd,Canada
Empire Industries Ltd,Canada
Empower Technologies Corporation,Canada
Enablence Technologies Inc,Canada
Encanto Potash Corp,Canada
Endurance Gold Corporation,Canada
Energold Drilling Corp.,Canada
Energulf Resources Inc.,Canada
Enhanced Oil Resources Inc,USA
Enpar Technologies Inc.,Canada
Enseco Energy Services Corp,Canada
Enssolutions Group Inc,USA
Entourage Metals Ltd,Canada
Entrec Corporation,Canada
Environmental Waste International Inc.,Canada
EnWave Corporation,Canada
ePals Corporation,USA
Epicore BioNetworks Inc.,USA
EPM Mining Ventures Inc,USA
Equitas Resources Corp.,Canada
Equitorial Exploration Corp.,Canada
Ergoresearch Ltd.,Canada
Erin Ventures Inc.,Canada
Eskay Mining Corp,Canada
Esrey Energy Ltd.,Canada
Essex Angel Capital Inc,Canada
Esstra Industries Inc.,Canada
ESTec Systems Corp.,Canada
Estrella Gold Corporation,Canada
Estrella International Energy Services Ltd,Mexico and Central/South America
Ethos Gold Corp,Canada
Eurasian Minerals Inc.,Canada
"Eureka Resources, Inc.",Canada
Eurocontrol Technics Group Inc,Canada
EurOmax Resources Ltd.,Canada
European Uranium Resources Ltd,Canada
Eurotin Inc,Canada
Everfront Ventures Corp,Canada
Evergreen Gaming Corporation,USA
Evermount Ventures Inc.,Canada
Everton Resources Inc.,Canada
Evrim Resources Corp,Canada
Excellium Inc,Canada
Excelsior Mining Corp,Canada
Exclamation Investments Corporation,Canada
Exito Energy II Inc.,Canada
EXO U Inc.,Canada
Expedition Mining Inc,Canada
Explor Resources Inc.,Canada
Exploration Autois Inc,Canada
Explorex Capital Ltd,Canada
Extenway Solutions Inc.,Canada
Eyelogic Systems Inc.,Canada
Fab-Form Industries Ltd.,Canada
Fairmont Resources Inc,Canada
Falco Pacific Resource Group Inc,Canada
Falcon Gold Corp,Canada
Falcon Oil & Gas Ltd.,UK/Europe
Family Memorials Inc.,Canada
Fancamp Exploration Ltd.,Canada
Feronia Inc,Canada
Ferrum Americas Mining Inc,Canada
Fieldex Exploration Inc.,Canada
Finavera Wind Energy Inc,Canada
Finlay Minerals Ltd.,Canada
Fire River Gold Corp,Canada
Firebird Energy Inc.,Canada
Firebird Resources Inc,Canada
Firesteel Resources Inc.,Canada
Firestone Ventures Inc.,Canada
Fireswirl Technologies Inc,Canada
Firm Capital Property Trust,Canada
First Americas Gold Corporation,Canada
First Bauxite Corporation,Canada
First Global Data Limited,Canada
First Growth Holdings Ltd.,Canada
First Idaho Resources Inc.,Canada
First Mexican Gold Corp,Canada
First Mountain Exploration Ltd,Canada
First Potash Corp.,USA
Fission 3.0 Corp.,Canada
Fission Uranium Corp.,Canada
Fjordland Exploration Inc.,Canada
Flinders Resources Limited,Canada
Flyht Aerospace Solutions Ltd,Canada
Flying A Petroleum Ltd.,Canada
Focus Graphite Inc,Canada
Focus Ventures Ltd.,Canada
Focused Capital II Corp,Canada
Folkstone Capital Corp,Canada
Foran Mining Corporation,Canada
Forent Energy Ltd,Canada
Formation Fluid Management Inc.,Canada
Fort St James Nickel Corp,Canada
Forum Uranium Corp,Canada
Franchise Bancorp Inc.,Canada
Franchise Services of North America Inc.,Canada
Free Energy International Inc,Canada
Freeport Resources Inc.,Canada
Freyja Resources Inc.,Canada
Friday Capital Inc.,Canada
Fronsac Real Estate Investment Trust,Canada
Frontline Gold Corporation,Canada
FSI Energy Group Inc,Canada
FTI Foodtech International Inc.,Canada
Full Metal Minerals Ltd.,Canada
Full Metal Zinc Ltd,Canada
G4G Resources Ltd,Canada
Gainey Capital Corp,Canada
Galane Gold Ltd,Canada
Galantas Gold Corporation,Canada
Galaxy Graphite Corp,Canada
Gale Force Petroleum Inc,Canada
Galena International Resources Ltd,Canada
Galileo Petroleum Ltd,Canada
Galore Resources Inc,Canada
Galway Gold Inc.,Canada
Galway Metals Inc.,Canada
Garibaldi Resources Corp.,Canada
Gastem Inc.,Canada
Gatekeeper Systems Inc.,Canada
GB Minerals Ltd.,Canada
GC-Global Capital Corp.,Canada
Gem International Resources Inc,Canada
Gemini Corporation,Canada
Gemoscan Canada Inc,Canada
Genoil Inc.,Canada
Gensource Potash Corporation,Canada
Genterra Capital Inc,Canada
Gentor Resources Inc,Canada
Geodex Minerals Ltd.,Canada
Geomega Resources Inc,Canada
GeoNovus Minerals Corp,Canada
Georox Resources Inc,Canada
Gespeg Copper Resources Inc,Canada
Getty Copper Inc.,Canada
GFK Resources Inc,Canada
GGL Resources Corp,Canada
Gideon Capital Corp,Canada
Ginger Beef Corporation,Canada
Ginguro Exploration Inc,Canada
GINSMS Inc.,China/Asia
Gitennes Exploration Inc,Canada
Giyani Gold Corp,Canada
Glass Earth Gold Limited,Canada
Glen Eagle Resources Inc,Canada
Glenmark Capital Corp.,Canada
Global Cobalt Corporation,Canada
Global Hunter Corp.,Canada
Global Key Investment Limited,Canada
Global Met Coal Corporation,Canada
Global Minerals Ltd.,Canada
GMV Minerals Inc,Canada
GobiMin Inc.,China/Asia
Golconda Resources Ltd.,Canada
Gold Bullion Development Corp,Canada
Gold Canyon Resources Inc.,Canada
Gold Finder Explorations Ltd.,Canada
Gold Jubilee Capital Corp,Canada
Gold Mountain Mining Corporation,Canada
Gold Reach Resources Ltd.,Canada
Gold Reserve Inc,USA
Gold Ridge Exploration Corp,Canada
Gold Royalties Corporation,Canada
Gold Standard Ventures Corp,Canada
Goldbank Mining Corporation,Canada
Goldcliff Resource Corporation,Canada
Golden Arrow Resources Corporation,Canada
Golden Band Resources Inc.,Canada
Golden Bridge Mining Corporation,Canada
Golden Coast Energy Corp.,Canada
Golden Dawn Minerals Inc,Canada
Golden Goliath Resources Ltd.,Canada
Golden Harp Resources Inc,Canada
Golden Hope Mines Limited,Canada
Golden Peak Minerals Inc.,Canada
Golden Reign Resources Ltd,Canada
Golden Secret Ventures Ltd.,Canada
Golden Sun Capital Inc,Canada
Golden Sun Mining Corp.,Canada
Golden Tag Resources Ltd.,Canada
Golden Valley Mines Ltd.,Canada
Golden Virtue Resources Inc.,Canada
Goldeneye Resources Corp.,Canada
Goldex Resources Corporation,Canada
Goldeye Explorations Limited,Canada
GoldON Resources Ltd.,Canada
GoldQuest Mining Corp.,Canada
Goldrea Resources Corp.,Canada
Goldrock Mines Corp.,Canada
Goldrush Resources Ltd.,Canada
Goldsource Mines Inc.,Canada
Goldspike Exploration Inc,Canada
Goldstar Minerals Inc,Canada
Goldstream Minerals Inc,Canada
Goldstrike Resources Ltd,Canada
Gonzaga Resources Ltd,Canada
Gordon Creek Energy Inc.,Canada
Gossan Resources Limited,Canada
Gowest Gold Ltd,Canada
GPM Metals Inc.,Canada
Grand Peak Capital Corp,Canada
Grand Power Logistics Group Inc.,China/Asia
Grande Portage Resources Ltd.,Canada
Grande West Transportation Group Inc.,Canada
Granite Creek Gold Ltd,Canada
Graphite One Resources Inc,Canada
Gray Rock Resources Ltd.,Canada
Great Atlantic Resources Corp,Canada
Great Bear Resources Ltd.,Canada
Great Northern Gold Exploration Corporation,Canada
Great Prairie Energy Services Inc.,Canada
Great Quest Metals Ltd.,Canada
Great Thunder Gold Corp.,Canada
Great Western Minerals Group Ltd.,Canada
Green Arrow Resources Inc.,Canada
Green Swan Capital Corp,Canada
Green Valley Mine Incorporated,Canada
Greenangel Energy Corp,Canada
Greenbriar Capital Corp,Canada
Greencastle Resources Ltd.,Canada
Greenfields Petroleum Corporation,USA
Greenock Resources Inc,Canada
GreenStar Agricultural Corporation,China/Asia
Grenville Gold Corp,Canada
Grizzly Discoveries Inc,Canada
Groundstar Resources Limited,Canada
Gstaad Capital Corp,Canada
GTA Resources and Mining Inc,Canada
GTO Resources Inc,Canada
Guardian Exploration Inc,Canada
Guerrero Exploration Inc,Canada
Gulf & Pacific Equities Corp.,Canada
Gulf Shores Resources Ltd.,Canada
Gulfstream Acquisition 1 Corp.,Canada
Gunpoint Exploration Ltd,Canada
Guyana Frontier Mining Corp,Canada
GWR Resources Inc.,Canada
H2O Innovation Inc,Canada
Habanero Resources Inc.,Canada
Halmont Properties Corporation,Canada
Hamilton Thorne Ltd,USA
Hansa Resources Limited,Canada
Happy Creek Minerals Ltd,Canada
Hart Stores Inc,Canada
Harvest Gold Corp,Canada
Hawk Exploration Ltd,Canada
Hawkeye Gold & Diamond Inc.,Canada
Heatherdale Resources Ltd,Canada
Helijet International Inc.,Canada
Helio Resource Corp.,Canada
Hellix Ventures Inc.,Canada
Hemisphere Energy Corporation,Canada
Hermes Financial Inc,Canada
HFX Holding Corp.,Canada
HHT Investments Inc.,Canada
High North Resources Ltd.,Canada
Highbank Resources Ltd.,Canada
Highbury Projects Inc,Canada
Highland Copper Company Inc.,Canada
Highvista Gold Inc,Canada
Highway 50 Gold Corp.,Canada
Hillcrest Resources Ltd.,Canada
Hinterland Metals Inc.,Canada
Hodgins Auctioneers Inc.,Canada
Hombre Capital Inc.,Canada
Homestake Resource Corporation,Canada
Honey Badger Exploration Inc,Canada
Horizon Petroleum PLC,Canada
Horn Petroleum Corporation,Canada
Hornby Bay Mineral Exploration Ltd,Canada
Houston Lake Mining Inc.,Canada
HRT Participacoes em Petroleo S.A.,Mexico and Central/South America
HTC Purenergy Inc.,Canada
Huakan International Mining Inc,Canada
Huaxing Machinery Corp,China/Asia
Hudson Resources Inc.,Canada
Hudson River Minerals Ltd,Canada
Huldra Silver Inc.,Canada
Humboldt Capital Corporation,Canada
Hunt Mining Corp,USA
Hunter Bay Minerals PLC,UK/Europe
Huntington Exploration Inc,Canada
Hyperion Exploration Corp,Canada
IBC Advanced Alloys Corp,Canada
IBEX Technologies Inc,Canada
iCo Therapeutics Inc,Canada
Icon Exploration Inc.,Canada
Iconic Minerals Ltd,Canada
"ID Watchdog, Inc",USA
IEMR Resources Inc.,China/Asia
iFabric Corp,Canada
IGC Resources Inc.,Canada
ILedor Exploration Corporation,Canada
iLOOKABOUT Corp,Canada
Imaflex Inc.,Canada
I-Minerals Inc,Canada
Immunotec Inc.,Canada
Immunovaccine Inc,Canada
IMPACT Silver Corp.,Canada
Imperial Equities Inc.,Canada
Imperial Ginseng Products Ltd.,Canada
Inca One Resources Corp,Canada
Independence Gold Corp,Canada
Indico Resources Ltd,USA
Indigo Exploration Inc.,Canada
Industrialex Manufacturing Corp.,USA
Infinito Gold Ltd,Canada
Infinity Minerals Corp,Canada
Inform Exploration Corp,Canada
Inform Resources Corp,Canada
Infrastructure Materials Corp,USA
Inlet Resources Ltd.,Canada
Innovative Properties Inc.,Canada
Innovente Inc,Canada
Innovotech Inc.,Canada
Inovent Capital Inc.,Canada
Input Capital Corp.,Canada
Integra Gold Corp,Canada
IntelGenx Technologies Corp,Canada
Intema Solutions Inc,Canada
Intercept Energy Services Inc.,Canada
Interconnect Ventures Corporation,Canada
International Barrier Technology Inc.,Canada
International Bethlehem Mining Corp,Canada
International Enexco Limited,Canada
International Frontier Resources Corp.,Canada
International Lithium Corp,Canada
International Millennium Mining Corp,Canada
International Montoro Resources Inc.,Canada
International Northair Mines Ltd.,Canada
International Parkside Products Inc.,Canada
International PBX Ventures Ltd.,Canada
International Samuel Exploration Corp.,Canada
Inter-Rock Minerals Inc.,Canada
Intertainment Media Inc,Canada
Intigold Mines Ltd,Canada
In-Touch Survey Systems Ltd.,Canada
Invenio Resources Corp.,Canada
Inventronics Limited,Canada
Iona Energy Inc,Canada
Iplayco Corporation Ltd,Canada
Iron Creek Capital Corp,Canada
Iron South Mining Corp,Canada
Iron Tank Resources Corp,Canada
Ironhorse Oil & Gas Inc.,Canada
iSign Media Solutions Inc,Canada
ISIS Lab Corporation,Canada
Ituna Capital Corporation,Canada
Ivrnet Inc.,Canada
IWG Technologies Inc,Canada
J.A.G. Mines Ltd.,Canada
Jadela Oil Corp.,Canada
James Bay Resources Limited,Canada
Jasper Mining Corporation,Canada
Jaxon Minerals Inc,Canada
Jazz Resources Inc,Canada
Jemi Fibre Corp.,Canada
Jemtec Inc.,Canada
Jet Gold Corp.,Canada
Jiminex Inc,Canada
Jiulian Resources Inc,Canada
JM Capital II Corp,Canada
Josephine Mining Corp,USA
Jourdan Resources Inc.,Canada
Jubilee Gold Exploration Ltd.,Canada
Junex Inc.,Canada
Kairos Capital Corporation,Canada
Kaiyue International Inc.,China/Asia
Kaizen Discovery Inc.,Canada
Kalimantan Gold Corporation Limited,Canada
Kallisto Energy Corp,Canada
Kam and Ronson Media Group Inc.,China/Asia
Kaminak Gold Corporation,Canada
Kane Biotech Inc.,Canada
Karmin Exploration Inc.,Canada
Karoo Exploration Corp.,Canada
Karsten Energy Corp.,Canada
KazaX Minerals Inc,Canada
KCO Capital Inc.,Canada
KDR Industrials Ltd.,Canada
Kelso Technologies Inc.,Canada
Kenieba Goldfields Ltd,Canada
Kenna Resources Corp,Canada
Kennady Diamonds Inc,Canada
Kensington Court Ventures Inc,Canada
Kermode Resources Ltd.,Canada
Kesselrun Resources Ltd,Canada
Kestrel Gold Inc,Canada
Kettle River Resources Ltd.,Canada
KFG Resources Ltd.,USA
Khalkos Exploration Inc,Canada
Khayyam Minerals Ltd,Canada
Killbear Acquisition Corp,Canada
Killdeer Minerals Inc,Canada
Kilo Goldmines Ltd,Canada
Kincora Copper Limited,Canada
King George Financial Corporation,Canada
King's Bay Gold Corporation,Canada
Kingsland Energy Corp,Canada
Kingsman Resources Inc.,Canada
Kingsway Arms Retirement Residences Inc,Canada
Kiska Metals Corporation,Canada
Kitrinor Metals Inc.,Canada
Kivalliq Energy Corporation,Canada
Klondike Gold Corp.,Canada
Klondike Silver Corp,Canada
Knick Exploration Inc,Canada
KnightHawk Inc.,Canada
Knightswood Financial Corp.,Canada
Knol Resources Corp.,Canada
Kobex Minerals Inc,Canada
Kola Mining Corp,Canada
Kombat Copper Inc,Canada
Komet Resources Inc.,Canada
Kootenay Silver Inc,Canada
KR Investment Ltd.,Canada
KWG Resources Inc.,Canada
La Quinta Resources Corporation,Canada
La Ronge Gold Corp,Canada
Labrador Technologies Inc.,Canada
Lago Dourado Minerals Ltd.,Canada
Lakeland Resources Inc,Canada
Lakeside Minerals Inc,Canada
Lakeview Hotel Investment Corp.,Canada
Lamêlée Iron Ore Ltd.,Canada
Lara Exploration Ltd.,Canada
Largo Resources Ltd.,Canada
Lariat Energy Ltd.,Canada
Las Vegas From Home.Com Entertainment Inc.,Canada
Lateral Capital Corp.,Canada
Lateral Gold Corp,Canada
Latin American Minerals Inc.,Canada
Laurentian Goldfields Ltd,Canada
Laurion Mineral Exploration Inc,Canada
Leader Energy Services Ltd.,Canada
LED Medical Diagnostics Inc,Canada
Legend Gold Corp,Canada
Legend Power Systems Inc,Canada
Leis Industries Limited,Canada
LeoNovus Inc,USA
LGX Oil + Gas Inc,Canada
Lignol Energy Corporation,Canada
Lincoln Mining Corporation,Canada
Lingo Media Corporation,Canada
Lion One Metals Limited,Canada
Lions Gate Energy Inc.,Canada
Lions Gate Metals Inc,Canada
Liquid Nutrition Group Inc,Canada
Lithic Resources Ltd.,Canada
Liuyang Fireworks Limited,China/Asia
Logan Resources Ltd.,Canada
Lomiko Metals Inc,Canada
Lonestar West Inc,Canada
Long Harbour Exploration Corp.,Canada
Longreach Oil and Gas Limited,Canada
Loon Energy Corporation,Canada
Lorne Park Capital Partners Inc.,Canada
Lornex Capital Inc,Canada
Lorraine Copper Corp,Canada
Los Andes Copper Limited,Canada
Lovitt Resources Inc,Canada
Lowell Copper Ltd.,Canada
Loyalist Group Limited,Canada
Lucky Minerals Inc,Canada
Lucky Strike Resources Ltd.,Canada
Lumina Copper Corp,Canada
Lund Enterprises Corp.,Canada
Luxor Industrial Corporation,Canada
LX Ventures Inc.,Canada
Lynden Energy Corp,Canada
MacDonald Mines Exploration Ltd.,Canada
Macmillan Minerals Inc,Canada
Macro Enterprises Inc.,Canada
Macusani Yellowcake Inc,Canada
Madalena Energy Inc.,Canada
Madison Capital Corporation,Canada
Madison Minerals Inc.,Canada
Magellan Minerals Ltd,Canada
Magnum Energy Inc.,Canada
Magnum Goldcorp Inc.,Canada
Magor Corporation,Canada
Mainstream Minerals Corporation,Canada
Majescor Resources Inc.,Canada
Majestic Gold Corp.,Canada
Makena Resources Inc.,Canada
Malbex Resources Inc,Canada
Mammoth Resources Corp,Canada
Manado Gold Corp,Canada
Manas Petroleum Corporation,UK/Europe
Manicouagan Minerals Inc.,Canada
Manitex Capital Inc.,Canada
Manitok Energy Inc,Canada
Manitou Gold Inc,Canada
Manson Creek Resources Ltd.,Canada
Mantra Capital Inc,Canada
Maple Leaf Green World Inc.,China/Asia
Maple Leaf Resource Corp.,Canada
Maple Power Capital Corporation,Canada
Maplewood International Real Estate Investment Trust,Canada
Marauder Resources East Coast Inc.,Canada
Margaux Red Capital Inc,Canada
Margaux Resources Ltd.,Canada
Marifil Mines Ltd.,USA
Maritime Resources Corp.,Canada
Marksmen Energy Inc,Canada
Marlin Gold Mining Ltd.,Canada
Marquee Energy Ltd,Canada
Marquis Ventures Inc.,Canada
Mart Resources Inc.,Canada
Martina Minerals Corp,UK/Europe
Mason Graphite Inc.,Canada
Masuparia Gold Corporation,Canada
"Matachewan Consolidated Mines, Limited",Canada
Matamec Explorations Inc.,Canada
Matnic Resources Inc,Canada
MATRRIX Energy Technologies Inc,Canada
Maudore Minerals Ltd,Canada
MAX Resource Corp.,Canada
Maxim Resources Inc.,Canada
Maya Gold & Silver Inc.,Canada
Mazorro Resources Inc,Canada
McChip Resources Inc.,Canada
MCM Capital One Inc,Canada
McVicar Industries Inc,Canada
MCW Energy Group Limited,USA
Med Biogene Inc.,Canada
Medallion Resources Ltd.,Canada
Medgold Resources Corp.,Canada
Medicure Inc.,Canada
Medifocus Inc,USA
MedMira Inc,Canada
Medwell Capital Corp,Canada
Medworxx Solutions Inc,Canada
MedX Health Corp,Canada
Mega Copper Ltd.,Canada
Mega Precious Metals Inc,Canada
Megal Capital Corporation,Canada
Megastar Development Corp.,Canada
Melior Resources Inc,Canada
Melkior Resources Inc.,Canada
Mena Hydrocarbons Inc,Canada
Menika Mining Ltd.,Canada
Mercator Transport Group Corporation,Canada
Mercury Capital II Limited,Canada
Meritus Minerals Limited,Canada
Merrex Gold Inc.,Canada
Meryllion Resources Corporation,Canada
Mesa Exploration Corp,Canada
metalCORP Limited,Canada
Metalex Ventures Ltd.,Canada
Metallis Resources Inc.,Canada
Metallum Resources Inc,Canada
Metals Creek Resources Corp,Canada
Metanor Resources Inc.,Canada
Metropolitan Energy Corp,Canada
Mexigold Corp,Canada
Mezzotin Minerals Inc.,Canada
Micrex Development Corp.,Canada
MicroPlanet Technology Corp.,USA
Midasco Capital Corp.,Canada
Midland Exploration Inc,Canada
Midlands Minerals Corporation,Canada
Midnight Sun Mining Corp,Canada
Midpoint Holdings Ltd.,Canada
Mill City Gold Corp.,Canada
MillenMin Ventures Inc,Canada
Millrock Resources Inc,Canada
Millstream Mines Ltd.,Canada
Milner Consolidated Silver Mines Ltd.,Canada
Minaean International Corp.,Canada
Minaurum Gold Inc.,Canada
Mincom Capital Inc,Canada
Mindoro Resources Ltd.,Canada
Mineral Hill Industries Ltd.,Canada
Mineral Mountain Resources Ltd,Canada
Minfocus Exploration Corp,Canada
Minsud Resources Corp,Mexico and Central/South America
Miocene Metals Limited,Canada
Mira III Acquisition Corp,USA
Mira Resources Corp,Canada
Miraculins Inc.,Canada
Miranda Gold Corp.,Canada
Mirasol Resources Ltd.,Canada
Mission Ready Services Inc.,Canada
Mkango Resources Ltd,Canada
Moimstone Corporation,Canada
Monarch Energy Limited,Canada
Monarques Resources Inc,Canada
Mongolia Growth Group Ltd.,Canada
Monster Mining Corp,Canada
Monster Uranium Corp,Canada
Montan Capital Corp.,Canada
Montana Exploration Corp,Canada
Montero Mining And Exploration Ltd.,Canada
Monument Mining Limited,Canada
Mooncor Oil & Gas Corp.,Canada
Morien Resources Corp.,Canada
Morro Bay Capital Ltd.,Canada
Morumbi Resources Inc,Canada
Mosaic Capital Corporation,Canada
Moss Lake Gold Mines Ltd.,Canada
Mount Dakota Energy Corp.,Canada
Mountain Boy Minerals Ltd.,Canada
Mountain China Resorts (Holding) Limited,China/Asia
Mountainview Energy Ltd.,USA
Movarie Capital Ltd.,Canada
MPH Ventures Corp.,Canada
MRRM Inc.,Canada
Mukuba Resources Limited,Canada
Multivision Communications Corp.,Canada
Mundoro Capital Inc,Canada
Murgor Resources Inc.,Canada
Musgrove Minerals Corp,Canada
Mustang Minerals Corp.,Canada
Naikun Wind Energy Group Inc.,Canada
NanoTech Security Corp,Canada
Nanton Nickel Corp,Canada
Napier Ventures Inc,Canada
Natan Resources Ltd.,Canada
Natcore Technology Inc,USA
Natunola AgriTech Inc.,Canada
Naturally Splendid Enterprises Ltd.,Canada
Navasota Resources Inc.,Canada
Navy Resources Corp.,Canada
Nebo Capital Corp,Canada
Nebu Resources Inc,Canada
Nemaska Lithium Inc,Canada
Neovasc Inc,Canada
Nesscap Energy Inc,China/Asia
Netco Silver Inc.,Canada
Network Exploration Ltd.,Canada
Network Media Group Inc,Canada
Nevada Clean Magnesium Inc,Canada
Nevada Exploration Inc,Canada
Nevada Sunrise Gold Corporation,USA
Nevado Resources Corporation,Canada
New Carolin Gold Corp,USA
New Destiny Mining Corp,Canada
New Dimension Resources Ltd.,Canada
New Guinea Gold Corporation,Canada
New Hana Copper Mining Ltd,Canada
New Klondike Exploration Ltd,Canada
New Nadina Explorations Limited,Canada
New Oroperu Resources Inc.,Canada
New West Energy Services Inc,Canada
New World Resource Corp.,Canada
New Zealand Energy Corp,Canada
Newcastle Energy Corp.,Canada
Newmac Resources Inc.,Canada
Newmarket Gold Inc.,Canada
NewNorth Projects Ltd.,Canada
Newport Exploration Ltd.,Canada
Newstrike Capital Inc.,Canada
Newstrike Resources Ltd.,Canada
Newton Energy Corporation,Canada
NexGen Energy Ltd.,Canada
NexGen Financial Corporation,Canada
NexgenRX Inc.,Canada
Next Gen Metals Inc,Canada
Nextraction Energy Corp,Canada
Niagara Ventures Corporation,Canada
Nickel North Exploration Corp,Canada
Nighthawk Gold Corp,Canada
Nightingale Informatix Corporation,Canada
Nikos Explorations Ltd.,Canada
Niocorp Developments Ltd.,Canada
Niogold Mining Corp.,Canada
Nitinat Minerals Corporation,Canada
NMC Resource Corporation,Canada
Nobel Real Estate Investment Trust,Canada
Noble Iron Inc,Canada
Noble Metal Group Incorporated,Canada
Noble Mineral Exploration Inc,Canada
Noka Resources Inc,Canada
Nomad Ventures Inc.,Canada
Noram Ventures Inc,Canada
Nordex Explosives Ltd.,Canada
Nordic Oil and Gas Ltd.,Canada
Noront Resources Ltd.,Canada
Nortec Minerals Corp,Canada
North American Nickel Inc,Canada
North American Potash Developments Inc,Canada
North American Tungsten Corporation Ltd.,Canada
North Arrow Minerals Inc,Canada
North Country Gold Corp,Canada
North Group Finance Limited,Canada
North Sea Energy Inc,Canada
North Sur Resources Inc.,Canada
Northampton Group Inc.,Canada
Northaven Resources Corp,Canada
Northcore Resources Inc.,Canada
Northern Abitibi Mining Corp.,Canada
Northern Aspect Resources Ltd,USA
Northern Financial Corporation,Canada
Northern Freegold Resources Ltd,Canada
Northern Frontier Corp.,Canada
Northern Gold Mining Inc,Canada
Northern Graphite Corporation,Canada
Northern Iron Corp,Canada
Northern Lion Gold Corp.,Canada
Northern Shield Resources Inc.,Canada
Northern Spirit Resources Inc,Canada
Northern Superior Resources Inc,Canada
Northern Tiger Resources Inc,Canada
Northern Vertex Mining Corp,Canada
Northfield Capital Corporation,Canada
NorthIsle Copper and Gold Inc,Canada
Northquest Ltd.,Canada
NorthWest International Healthcare Properties REIT,Canada
Nouveau Monde Mining Enterprises Inc.,Canada
NovaDX Ventures Corp.,Canada
Novik Inc.,Canada
Novra Technologies Inc.,Canada
Novus Energy Inc,Canada
NQ Exploration Inc.,Canada
NSGold Corporation,Canada
NSI Strategic Investments Ltd.,Canada
NSX Silver Inc,Canada
NTG Clarity Networks Inc.,Canada
Nubian Resources Ltd,Canada
Nulegacy Gold Corporation,Canada
Nunavik Nickel Mines Ltd,Canada
Nuva Pharmaceuticals Inc.,Canada
Nuvolt Corporation Inc,Canada
NV Gold Corporation,USA
NWest Energy Corp,Canada
NWM Mining Corporation,Canada
NWT Uranium Corp,Canada
NXT Energy Solutions Inc,Canada
Oakmont Minerals Corp.,Canada
Oceanic Iron Ore Corp,Canada
Oceanside Capital Corp,Canada
Oceanus Resources Corporation,Canada
Octant Energy Corp,Canada
Oculus VisionTech Inc,USA
Odesia Group Inc.,Canada
Odin Mining and Exploration Ltd.,Canada
Offsetters Climate Solutions Inc.,Canada
Oil Optimization Inc,Canada
Olivut Resources Ltd,Canada
Olympic Resources Ltd,Canada
Omineca Mining and Metals Ltd,Canada
Omni-Lite Industries Canada Inc.,USA
One World Investments Inc,Canada
OneCap Investment Corporation,Canada
ONEnergy Inc.,Canada
Opawica Explorations Inc,Canada
Open Gold Corp,Canada
OPSENS Inc.,Canada
Oracle Energy Corp.,Canada
Orca Exploration Group Inc,Africa
Orca Gold Inc.,Canada
Orefinders Resources Inc.,Canada
Oremex Silver Inc,Canada
Orestone Mining Corp,Canada
Orex Exploration Inc.,Canada
Orex Minerals Inc,Canada
Oriana Resources Corporation,Canada
Oroco Resource Corp,Canada
Orofino Minerals Inc,Canada
Oronova Resource Corp,Canada
Orovero Resources Corp.,Canada
Otis Gold Corp,Canada
Otterburn Resources Corp,Canada
Ovid Capital Ventures Inc.,Canada
Oxford Resources Inc.,Canada
Oyster Oil and Gas Ltd.,Canada
Pacgen Life Science Corporation,Canada
Pacific Arc Resources Ltd.,Canada
Pacific Bay Minerals Ltd,Canada
Pacific Booker Minerals Inc.,Canada
Pacific Cascade Minerals Inc.,Canada
Pacific Coal Resources Ltd,Canada
Pacific Comox Resources Ltd.,Canada
Pacific Iron Ore Corporation,Canada
Pacific Paradym Energy Inc,Canada
Pacific Potash Corporation,Canada
Pacific Ridge Exploration Ltd.,Canada
Pacific Safety Products Inc.,Canada
Pacific Vector Holdings Inc.,USA
Pacific Wildcat Resources Corp,Canada
Paget Minerals Corp,Canada
Palladon Ventures Ltd.,USA
Palliser Oil & Gas Corporation,Canada
Pan African Oil Ltd.,Canada
Pan American Fertilizer Corp.,Canada
Pan Global Resources Inc,Canada
Pan Orient Energy Corp.,Canada
Pancontinental Uranium Corporation,Canada
Pangolin Diamonds Corp.,Canada
Panoro Minerals Ltd.,Canada
PanTerra Resource Corp.,Canada
Pantheon Ventures Ltd,Canada
Papuan Precious Metals Corp.,Canada
Parallel Mining Corp,Canada
Paris Energy Inc,Canada
Park Lawn Corporation,Canada
Parkit Enterprise Inc.,Canada
Parkside Resources Corporation,Canada
Parlane Resource Corp,Canada
Parta Dialogue Inc,Canada
Partner Jet Corp.,Canada
Partners Value Fund Inc.,Canada
Passport Energy Ltd,Canada
Passport Potash Inc,Canada
Patient Home Monitoring Corp,USA
Patriot Petroleum Corp.,Canada
Peak Positioning Technologies Inc.,Canada
Pearl River Holdings Limited,Canada
Peat Resources Limited,Canada
Pediapharm Inc.,Canada
Pelangio Exploration Inc,Canada
Pele Mountain Resources Inc.,Canada
Pender Growth Fund (VCC) Inc,Canada
Penfold Capital Acquisition IV Corporation,Canada
Pennant Energy Inc.,Canada
Pennine Petroleum Corporation,Canada
People Corporation,Canada
Pepcap Ventures Inc.,Canada
Perlite Canada Inc.,Canada
Pershimco Resources Inc.,Canada
Peruvian Precious Metals Corp.,Canada
Petra Petroleum Inc.,Canada
Petrichor Energy Inc,Canada
Petro One Energy Corp,Canada
Petro Viking Energy Inc,Canada
Petro Vista Energy Corp,Canada
Petroamerica Oil Corp.,Canada
Petrodorado Energy Ltd,Canada
Petroforte International Ltd,Canada
PetroFrontier Corp,Canada
Petrolia Inc.,Canada
Petrolympic Ltd,Canada
Petromanas Energy Inc,Canada
Petromin Resources Ltd.,Canada
PetroNova Inc.,Mexico and Central/South America
PetroShale Inc,Canada
Petrostar Petroleum Corporation,Canada
Petrox Resources Corp,Canada
Philippine Metals Inc,Canada
Phoenix Canada Oil Company Limited,Canada
Phoenix Metals Corporation,Canada
Photon Control Inc.,Canada
Pine Cliff Energy Ltd,Canada
Pinecrest Energy Inc,Canada
Pinecrest Resources Ltd,Canada
Pinestar Gold Inc,Canada
Pioneering Technology Corp,Canada
Pistol Bay Mining Inc.,Canada
Pitchblack Resoruces Ltd,Canada
Pivot Technology Solutions Inc.,USA
PJX Resources Inc,Canada
Planet Mining Exploration Inc,Canada
Plata Latina Minerals Corporation,Canada
Plate Resources Inc.,Canada
Platinex Inc.,Canada
Platino Energy Corp.,Canada
Platinum Communications Corporation,Canada
Plato Gold Corp.,Canada
Plicit Capital Corp,Canada
Plymouth Realty Capital Corp,USA
PNG Gold Corporation,Canada
POCML 2 Inc.,Canada
POET Technologies Inc.,USA
Poplar Creek Resources Inc,Canada
Porto Energy Corp.,USA
Portola Resources Inc,Canada
Porvidence Resources Corp,Canada
PRD Energy Inc,Canada
Precipitate Gold Corp,Canada
Premium Exploration Inc,Canada
Prescient Mining Corp.,Canada
Prima Colombia Hardwood Inc.,Canada
Prima Fluorspar Corp.,Canada
Primary Petroleum Corporation,Canada
Prime Meridian Resources Corp,Canada
Primeline Energy Holdings Inc.,China/Asia
Prism Medical Ltd.,Canada
PRO Real Estate Investment Trust,Canada
ProAm Explorations Corporation,Canada
Probe Mines Limited,Canada
Prominex Resource Corp.,Canada
ProntoForms Corporation,Canada
Pro-Or Inc. (Ressources minieres),Canada
Prospect Park Capital Corp.,Canada
Prospector Resources Corp,Canada
Prosper Gold Corp.,Canada
Prosperity Goldfields Corp.,Canada
Prospero Silver Corp,Canada
Pro-Trans Ventures Inc,Canada
Puma Exploration Inc.,Canada
Pure Energy Minerals Limited,Canada
Pure Multi-Family REIT LP,Canada
Pure Nickel Inc,Canada
Purepoint Uranium Group Inc.,Canada
Pyng Medical Corp.,Canada
PyroGenesis Canada Inc.,Canada
Q Investments Ltd.,Other
Q-Gold Resources Ltd,USA
QHR Corporation,Canada
QMC Quantum Minerals Corp,Canada
Quadro Resources Ltd,Canada
Quanta Resources Inc,Canada
Quartet Resources Limited,China/Asia
Quartz Mountain Resources Ltd.,Canada
Quaterra Resources Inc.,Canada
Quattro Exploration and Production Ltd,Canada
Quest Pharmatech Inc.,Canada
Questfire Energy Corp,Canada
Questor Technology Inc.,Canada
Quia Resources Inc,Canada
Quinto Real Capital Corporation,Canada
Quizam Media Corporation,Canada
Quorum Information Technologies Inc.,Canada
Rackla Metals Inc,Canada
Radisson Mining Resources Inc.,Canada
Radius Gold Inc.,Canada
Raimount Energy Inc.,Canada
Rainbow Resources Inc.,Canada
Rainmaker Entertainment Inc.,Canada
Rainmaker Mining Corp,Canada
Rainy Mountain Royalty Corp,Canada
Raise Production Inc,Canada
Rambler Metals and Mining plc,UK/Europe
Ranaz Corporation,Canada
Randsburg International Gold Corp.,Canada
Rapier Gold Inc.,Canada
Rathdowney Resources Ltd,Canada
RDX Technologies Corporation,Canada
REBGold Corporation,Canada
Reco International Group Inc.,Canada
Red Eagle Mining Corporation,Canada
Red Hut Metals Inc.,Canada
Red Mile Minerals Corp.,Canada
Red Moon Potash Inc,Canada
Red Pine Exploration Inc,Canada
Red Rock Capital Corp.,Canada
Red Rock Energy Inc,Canada
Red Tiger Mining Inc,Canada
Redhill Resources Corp,Canada
RediShred Capital Corp,Canada
Redstar Gold Corp.,Canada
Redtail Metals Corp,Canada
Redwater Energy Corp,Canada
Reef Resources Ltd,Canada
Reg Technologies Inc.,Canada
Regent Pacific Properties Inc,Canada
Regent Ventures Ltd.,Canada
Regulus Resources Inc,Canada
Reko International Group Inc,Canada
Relentless Resources Ltd,Canada
Reliant Gold Corp,Canada
Remington Resources Inc,Canada
Remo Resources Inc.,Canada
Remstar Resources Ltd,Canada
Renegade Petroleum Ltd,Canada
RenoWorks Software Inc.,Canada
Reservoir Capital Corp,Canada
Reservoir Minerals Inc,Canada
Resinco Capital Partners Inc.,Canada
Resolve Ventures Inc.,Canada
Respect Your Universe Inc,USA
Reunion Gold Corporation,Canada
Reva Resources Corp,Canada
Revolver Resources Inc,Canada
Rheingold Exploration Corp.,Canada
Rhyolite Resources Ltd,Canada
Richco Investors Inc.,Canada
Richmond Minerals Inc.,Canada
Richmond Road Capital Corp.,Canada
RIFCO Inc.,Canada
Rio Cristal Resources Corporation,Canada
Rio Grande Mining Corp,Canada
Rio Silver Inc,Canada
Riverside Resources Inc,Canada
RJK Explorations Ltd.,Canada
Robex Resources Inc.,Canada
Rochester Resources Ltd.,Canada
Rock Tech Lithium Inc,Canada
RockBridge Resources Inc,Canada
Rockcliff Resources Inc.,Canada
Rockhaven Resources Ltd,Canada
Rockland Minerals Corp,Canada
Rockridge Capital Corp,Canada
Rocky Mountain Liquor Inc,Canada
Rocmec Mining Inc.,Canada
Rodinia Lithium Inc.,Canada
Rodinia Oil Corp,Canada
Rogue Resources Inc.,Canada
Rokmaster Resources Corp,Canada
Rome Resources Ltd.,Canada
Romios Gold Resources Inc.,Canada
Romulus Resources Ltd,Canada
Rooster Energy Ltd,USA
Rosa Capital Inc.,Canada
Ross River Minerals Inc.,Canada
Rotation Minerals Ltd,Canada
Rouge Resources Ltd,Canada
Route1 Inc.,Canada
Roxgold Inc,Canada
Royal Lifescience Corp,Canada
Royal Sapphire Corp.,Canada
RSI International Systems Inc.,Canada
RT Minerals Corp,Canada
Rugby Mining Limited,Australia/NZ/PNG
Run of River Power Inc.,Canada
Running Fox Resource Corp.,Canada
Rupert Resources Ltd.,Canada
Rusoro Mining Ltd,Canada
Russell Breweries Inc,Canada
Ryan Gold Corp,Canada
Rye Patch Gold Corp,Canada
Sable Resources Ltd.,Canada
Sabre Graphite Corp.,Canada
Saccharum Energy Corp,Canada
"Sacre-Coeur Minerals, Ltd.",Canada
Sage Gold Inc,Canada
Sahara Energy Ltd.,Canada
Saint Jean Carbon Inc.,Canada
Salazar Resources Limited,Canada
Salmon River Resources Ltd.,Canada
Sama Resources Inc./Ressources Sama Inc.,Canada
Samco Gold Limited,UK/Europe
SAMEX Mining Corp.,Canada
Samoth Oilfield Inc.,Canada
San Antonio Ventures Inc,Canada
San Marco Resources Inc,Canada
Sanatana Resources Inc,Canada
Sanction Capital Corp,Canada
Sandspring Resources Ltd,USA
Sandstorm Metals & Energy Ltd,Canada
Sangoma Technologies Corporation,Canada
Santa Barbara Resources Limited,Mexico and Central/South America
Santa Fe Metals Corporation,Canada
Santa Maria Petroleum Inc,Canada
Santacruz Silver Mining Ltd,Mexico and Central/South America
Sarama Resources Ltd,Australia/NZ/PNG
Satori Resources Inc,Canada
Saturn Minerals Inc.,Canada
Savant Explorations Ltd,Canada
Savary Gold Corp,Canada
Saville Resources Inc.,Canada
Savoy Ventures Inc.,Canada
Saxon Oil Company Ltd.,USA
Scorpio Gold Corporation,Canada
Scorpion Resources Inc,USA
Sea Breeze Power Corp.,Canada
Sea Dragon Energy Inc,Canada
Seafield Resources Ltd,Canada
Seair Inc.,Canada
Search Minerals Inc,Canada
Seaway Energy Services Inc,Canada
Secova Metals Corp,Canada
Section Rouge Media Inc.,Canada
Security Devices International Inc.,USA
Sedex Mining Corp.,Canada
Sego Resources Inc,Canada
SelectCore Ltd.,Canada
Senator Minerals Inc.,Canada
Sendero Mining Corp.,Canada
Sennen Potash Corporation,Canada
Sensio Technologies Inc.,Canada
Serengeti Resources Inc.,Canada
Serenic Corporation,Canada
Sernova Corp,Canada
SFR Energy Ltd.,Canada
SG Spirit Gold Inc.,Canada
SGX Resources Inc,Canada
ShaMaran Petroleum Corp,Canada
Shaw Communications Inc.,Canada
Shield Gold Inc,Canada
Shogun Capital Corp.,Canada
Shoshoni Gold Ltd,Canada
Sierra Iron Ore Corporation,Canada
Sierra Madre Developments Inc,Canada
Sigma Industries Inc,Canada
Signal Exploration Inc,Canada
Signature Resources Ltd,Canada
Silk Road Energy Inc,USA
Silver Fields Resources Inc,Canada
Silver Grail Resources Ltd.,Canada
Silver Mountain Mines Inc,Canada
Silver Pursuit Resources Ltd,Canada
Silver Range Resources Ltd,Canada
Silver Shield Resources Corp,Canada
Silver Spruce Resources Inc.,Canada
SilverCrest Mines Inc.,Canada
Silvermet Inc,Canada
SilverWillow Energy Corporation,Canada
Simavita Limited,Australia/NZ/PNG
Simba Energy Inc,Canada
Simba Gold Corp,Canada
Sintana Energy Inc,USA
Sirios Resources Inc.,Canada
Sirona Biochem Corp,Canada
Skeena Resources Limited,Canada
Skyharbour Resources Ltd.,Canada
Slam Exploration Ltd.,Canada
Slater Mining Corporation,Canada
Smart Employee Benefits Inc,Canada
SmartCool Systems Inc.,Canada
Sniper Resources Ltd,Canada
SnipGold Corp,Canada
Snipp Interactive Inc,USA
Snowfield Development Corp.,Canada
Sofame Technologies Inc.,Canada
Softrock Minerals Ltd.,Canada
Sojourn Ventures Inc.,Canada
Sokoman Iron Corp.,Canada
Solarvest BioEnergy Inc,Canada
Solid Gold Resources Corp,Canada
Solid Resources Ltd.,Canada
Solimar Energy Limited,Australia/NZ/PNG
Solomon Resources Limited,Canada
Soltoro Ltd,Canada
SolutionInc Technologies Limited,Canada
Solutions4CO2 Inc,Canada
Solvista Gold Corporation,Canada
SoMedia Networks Inc.,Canada
Sona Resources Corp,Canada
Sonoma Resources Inc.,Canada
Sonor Investments Ltd.,Canada
Sonora Gold & Silver Corp,Canada
Sonoro Energy Ltd,Canada
Sonoro Metals Corp,Canada
Source Exploration Corp,Canada
Southern Arc Minerals Inc.,Canada
Southern Legacy Minerals Inc,Canada
Southern Silver Exploration Corp.,Canada
Southern Sun Minerals Inc.,Canada
SouthTech Capital Corporation,Canada
Spackman Equities Group Inc,China/Asia
Spanish Mountain Gold Ltd,Canada
Sparcap One Ltd,Canada
Sparrow Ventures Corp,Canada
Sparta Capital Ltd.,Canada
Sparton Resources Inc.,Canada
Spearmint Resources Inc,Canada
Spectra Inc.,Canada
Spectra7 Microsystems Inc.,USA
Sphere 3D Corporation,Canada
Spirit Bear Capital Corp,Canada
Sportscene Group Inc.,Canada
Spot Coffee (Canada) Ltd,Canada
Springrock Capital Inc.,Canada
Spruce Ridge Resources Ltd.,Canada
Sprylogics International Corp,Canada
Spur Ventures Inc,Canada
SQI Diagnostics Inc,Canada
SSP Offshore Inc,USA
St. Elias Mines Ltd.,Canada
Stakeholder Gold Corp,Canada
Standard Exploration Ltd.,Canada
Standard Graphite Corporation,Canada
Stans Energy Corp,Canada
Star Navigation Systems Group Ltd.,Canada
Starlight U.S. Multi-Family (No. 2) Core Fund,Canada
Starlight U.S. Multi-Family Core Fund,Canada
Statesman Resources Ltd.,Canada
Stealth Minerals Limited,Canada
Stealth Ventures Inc.,Canada
Stellar AfricaGold Inc.,Canada
Stellar Biotechnologies Inc,USA
Stelmine Canada Ltée / Stelmine Canada Ltd,Canada
Stem 7 Capital Inc.,Canada
Stem Cell Therapeutics Corp.,Canada
Sterling Resources Ltd.,Canada
Stetson Oil & Gas Ltd,Canada
Stikine Energy Corp,Canada
Stina Resources Ltd.,Canada
Stone Resources Limited,Other
Storagevault Canada Inc,Canada
Storm Resources Ltd,Canada
Strait Minerals Inc,Canada
Strata Minerals Inc,Australia/NZ/PNG
Stratabound Minerals Corp.,Canada
Strata-X Energy Ltd.,USA
Strategem Capital Corporation,Canada
Strategic Metals Ltd.,Canada
Strategic Oil & Gas Ltd.,Canada
Strategic Resources Inc,Canada
Stratton Capital Corp,Canada
Stratton Resources Inc,Canada
Stream Oil & Gas Ltd,Canada
Stria Capital Inc,Canada
Strike Graphite Corp,Canada
Strike Minerals Inc.,Canada
Strikepoint Gold Inc,Canada
Strikewell Energy Corp,Canada
Strongbow Exploration Inc.,Canada
Stroud Resources Ltd.,Canada
STT Enviro Corp.,Canada
Sultan Minerals Inc.,Canada
Summus Solutions N.V.,Canada
Sun Entertainment Holding Corporation,Canada
Sundance Energy Corporation,Canada
Sunora Foods Inc.,Canada
Sunridge Gold Corp.,Canada
Sunrise Resources Ltd,Canada
Sunset Cove Mining Inc,Canada
Sunset Pacific Petroleum Ltd,Canada
Sunshine Agri-Tech Inc.,China/Asia
Suparna Gold Corp,Canada
Superior Copper Corporation,Canada
Superior Mining International Corporation,Canada
Supreme Resources Ltd.,Canada
Suroco Energy Inc.,Canada
Surrey Capital Corporation,Canada
SustainCo Inc.,Canada
Sutter Gold Mining Inc.,USA
Swift Resources Inc.,Canada
Sylogist Ltd.,Canada
Symax Lift (Holding) Co. Ltd.,China/Asia
Symbility Solutions Inc,Canada
Symbio Capital Corp,Canada
Synodon Inc.,Canada
TAD Mineral Exploration Inc,Canada
Taipan Resources Inc,Canada
Tajiri Resources Corp,Canada
Takara Resources Inc,Canada
Taku Gold Corp,Canada
Tamarack Valley Energy Ltd,Canada
Tamerlane Ventures Inc.,USA
Tanager Energy Inc.,Canada
Tango Gold Mines Incorporated,Canada
Tanqueray Exploration Ltd,Canada
Tanzania Minerals Corp.,Canada
Taranis Resources Inc.,USA
Target Capital Inc,Canada
Tarsis Resources Ltd,Canada
Tasca Resources Ltd,Canada
Tasman Metals Ltd,Canada
Tawsho Mining Inc,Canada
Tearlach Resources Limited,Canada
Technical Ventures RX Corp.,Canada
Telehop Communications Inc.,Canada
Telson Resources Inc.,Canada
Tembo Gold Corp,Canada
Temex Resources Corp.,Canada
Teras Resources Inc,Canada
Terra Firma Capital Corporation,Canada
Terra Firma Resources Inc,Canada
Terra Nova Energy Ltd,Canada
Terrace Energy Corp.,Canada
Terraco Gold Corp.,Canada
Terrax Minerals Inc,Canada
Terreno Resources Corp,Canada
Teryl Resources Corp.,Canada
Teslin River Resources Corp,Canada
Tesoro Minerals Corp.,Canada
Teuton Resources Corp.,Canada
TG Residential Value Properties Ltd,Canada
The Cash Store Australia Holdings Inc.,Australia/NZ/PNG
The Mint Corporation,Canada
The Westaim Corporation,Canada
Theia Resources Ltd,Canada
Thelon Capital Ltd,Canada
Themac Resources Group Limited,Canada
Theralase Technologies Inc.,Canada
Thermal Energy International Inc.,Canada
theScore Inc.,Canada
Thor Explorations Ltd.,Canada
Threegold Resources Inc,Canada
"Thunder Mountain Gold, Inc.",USA
Thundermin Resources Inc.,Canada
Thunderstruck Resources Ltd,Canada
Tiger International Resources Inc.,USA
Tigray Resources Inc,Canada
Tiller Resources Ltd,Canada
Timberline Resources Corporation,USA
Times Telecom Inc,Canada
Times Three Wireless Inc,Canada
Tinka Resources Limited,Canada
Tintina Mines Ltd.,Canada
Tintina Resources Inc,Canada
TIO Networks Corp.,Canada
Tirex Resources Ltd,Canada
Titan Logix Corp.,Canada
Titan Medical Inc,Canada
Titanium Corporation Inc.,Canada
TitanStar Properties Inc.,Canada
Titus Energy Corp.,Canada
TLO Capital Corp,Canada
TNR Gold Corp.,Canada
Tolima Gold Inc,Canada
TomaGold Coporation,Canada
Toro Resources Corp,Canada
Tosca Mining Corp,Canada
Total Telcom Inc.,Canada
Totally Hip Technologies Inc.,Canada
Touchdown Resources Inc,Canada
Touchstone Exploration Inc.,USA
Tower Resources Ltd.,Canada
TransAmerican Energy Inc.,Canada
Transeuro Energy Corp.,Canada
TransGaming Inc.,Canada
Transition Metals Corp,Canada
Tranzeo Wireless Technologies Inc,Canada
Traverse Energy Ltd,Canada
Tres-Or Resources Ltd.,Canada
Tri Origin Exploration Ltd.,Canada
Tribute Resources Inc.,Canada
Trident Gold Corp.,Canada
Trigold Resources Inc.,Canada
Trillium North Minerals Ltd,Canada
TrinCan Capital Corp.,Canada
Trinity Valley Energy Corp.,Canada
Trio Gold Corp.,Canada
Triox Limited,China/Asia
Tri-River Ventures Inc,Canada
Tristar Gold Inc,USA
Triumph Ventures II Corporation,Canada
Trius Investments Inc,Canada
Troymet Exploration Corp,Canada
True Gold Mining Inc.,Canada
True North Gems Inc.,Canada
Trueclaim Exploration Inc,Canada
Tsodilo Resources Limited,Canada
TTM Resources Inc.,Canada
Tumi Resources Limited,Canada
Turnberry Resources Ltd,Canada
Turquoise Capital Corp.,Canada
Tuscany Energy Ltd.,Canada
Twyford Ventures Inc,Canada
Tyhee Gold Corp,Canada
Typhoon Exploration Inc.,Canada
UC Resources Ltd.,Canada
Ucore Rare Metals Inc,Canada
Ultra Lithium Inc,Canada
Ultra Resources Corp.,Canada
Umbral Energy Corp.,Canada
Unigold Inc.,Canada
"Unique Broadband Systems, Inc.",Canada
Unique Resources Corp,Canada
Uniserve Communications Corporation,Canada
Unite Capital Corp,Canada
United Coal Holdings Limited,Canada
United Hunter Oil & Gas Corp.,Canada
Unity Energy Corp,Canada
Universal Ventures Inc,Canada
Universal Wing Technologies Inc,Canada
Uracan Resources Ltd,Canada
Uragold Bay Resources Inc,Canada
Uranium Valley Mines Ltd,Canada
Uravan Minerals Inc.,Canada
Urban Communications Inc.,Canada
Urban Select Capital Corporation,Canada
Urbanfund Corp.,Canada
Urbanimmersive Technologies Inc.,Canada
US Oil Sands Inc,Canada
Valdor Technology International Inc,Canada
ValGold Resources Ltd.,Canada
Valhalla Resources Ltd,Canada
Valterra Resource Corporation,Canada
Vanadiumcorp Resource Inc.,Canada
Vangold Resources Ltd.,Canada
Vanity Capital Inc,Canada
Vanoil Energy Ltd.,Canada
Vanstar Mining Resources Inc,Canada
Vantex Resources Ltd.,Canada
Vast Exploration Inc.,Canada
Vatic Ventures Corp,Canada
Vector Resources Inc,Canada
Vega Mining Inc.,Canada
Vela Minerals Ltd.,Canada
Vendetta Mining Corp,Canada
Vendome Resources Corp,Canada
VendTek Systems Inc.,Canada
Venerable Ventures Ltd,Canada
VentriPoint Diagnostics Ltd,USA
Venturi Ventures Inc,Canada
Verisante Technology Inc,Canada
VersaPay Corporation,Canada
Versatile Systems Inc.,Canada
Victoria Gold Corp,Canada
Victory Mountain Ventures Ltd,Canada
Victory Resources Corporation,Canada
Victory Ventures Inc,Canada
Vigil Health Solutions Inc.,Canada
Viking Gold Exploration Inc.,Canada
Vior inc. (Societe d'exploration Miniere),Canada
Viper Gold Ltd.,Canada
VIQ Solutions Inc.,Canada
Virgin Metals Inc,Canada
Virginia Energy Resources Inc,Canada
Viridis Energy Inc,Canada
Virtutone Networks Inc,Canada
Viscount Mining Corp.,Canada
Visible Gold Mines Inc,Canada
Vitality Products Inc.,Canada
Vitreous Glass Inc.,Canada
Vivione Biosciences Inc.,USA
VMS Ventures Inc,Canada
Volcanic Metals Corp,Canada
VRX Worldwide Inc.,Canada
Vulcan Minerals Inc.,Canada
VVC Exploration Corp.,Canada
Walker River Resources Corp.,Canada
Walmer Capital Corp,Canada
Wangton Capital Corp,Canada
Wanted Technologies Corporation,Canada
War Eagle Mining Company Inc.,Canada
Waseco Resources Inc.,Canada
Waterfront Capital Corporation,Canada
Watusi Capital Corp,Canada
Wavefront Technology Solutions Inc,Canada
Way Ventures Inc,Canada
Waymar Resources Ltd.,Canada
WB III Acquisition Corp.,Canada
WCB Resources Ltd.,Australia/NZ/PNG
Wealth Minerals Ltd.,Canada
Welichem Biotech Inc.,Canada
Wellgreen Platinum Ltd.,Canada
Wescan Energy Corp.,Canada
Wescan Goldfields Inc.,Canada
West African Iron Ore Corp,Canada
West Cirque Resources Ltd.,Canada
West High Yield (W.H.Y.) Resources Ltd,Canada
West Kirkland Mining Inc,Canada
West Melville Metals Inc,Canada
West Mountain Capital Corp,Canada
West Point Resources Inc.,Canada
WestBond Enterprises Corporation,Canada
Westbridge Energy Corporation,Canada
Westcore Energy Ltd,Canada
Western Pacific Resources Corp.,Canada
Western Pacific Trust Company,Canada
Western Plains Petroleum Ltd,Canada
Western Troy Capital Resources Inc.,Canada
WesternZagros Resources Ltd,Canada
Westham Resources Corp,Canada
Westhaven Ventures Inc,Canada
WestKam Gold Corp,Canada
Westminster Resources Ltd,Canada
Westridge Resources Inc,Canada
Weststar Resources Corp,Canada
Wheels Group Inc,Canada
White Bear Resources Inc,Canada
White Pine Resources Inc.,Canada
White Tiger Mining Corp,Canada
Wi2Wi Corporation,USA
Wildcat Exploration Ltd.,Canada
Wildlaw Capital CPC 2 Inc,Canada
Williams Creek Gold Limited,Canada
Wilton Resources Inc,Canada
Winalta Inc.,Canada
Wind River Energy Corp,Canada
Windfire Capital Corp,Canada
Wise Oakwood Ventures Inc.,Canada
Wolf Resource Development Corp.,Canada
Wolfden Resources Corporation,Canada
Wolfeye Resource Corp.,Canada
Wolfpack Capital Corp.,Canada
Wolfpack Gold Corp.,USA
Wolverine Minerals Corp,Canada
Woulfe Mining Corp,Canada
WPC Resources Inc,Canada
Wrangler West Energy Corp.,Canada
Xcite Energy Limited,Other
Xebec Adsorption Inc.,Canada
Xemplar Energy Corp.,Canada
Xiana Mining Inc.,Canada
Ximen Mining Corp.,Canada
Xmet Inc,Canada
XPEL Technologies Corp.,USA
X-Terra Resources Corporation,Canada
Xtierra Inc,Canada
XXL Energy Corp,Canada
Xylitol Canada Inc,Canada
Yangaroo Inc,Canada
Yangarra Resources Ltd.,Canada
Yoho Resources Inc.,Canada
Yongsheng Capital Inc,China/Asia
Yorkton Ventures Inc.,Canada
Zadar Ventures Ltd,Canada
Zaio Corporation,Canada
Zecotek Photonics Inc.,Canada
Zedi Inc,Canada
Zena Mining Corporation,Canada
Zenn Motor Company Inc,Canada
Zenyatta Ventures Ltd.,Canada
Zephyr Minerals Ltd.,Canada
Z-Gold Exploration Inc,Canada
Zimtu Capital Corp,Canada
Zinco Mining Corp,Canada
Zodiac Exploration Inc.,Canada
Zone Resources Inc,Canada
Zonte Metals Inc,Canada
ZoomerMedia Limited,Canada
ZoomMed Inc.,Canada
Zorro Capital Inc.,Canada
Ztest Electronics Inc.,Canada
Zuri Capital Corp,Canada
