Company,Country
GEODYNE ENERGY INCOME LTD PARTNERSHIP I D,US
BELUGA COMPOSITES CORP,US
ENERGAS RESOURCES INC,US
CLIFFS DRILLING CO,US
COLUMBUS ENERGY CORP,US
GEODYNE INSTITUTIONAL PENSION ENERGY INCOME LTD PART P 6,US
FORSTER DRILLING CORP,US
KODIAK ENERGY INC,US
GOTHIC ENERGY LLC,US
Adira Energy Ltd,NULL
MAG WELL INC,US
Energy XXI Gulf Coast Inc,US
Energy XXI Onshore LLC,US
Energy XXI Texas Onshore LLC,US
Energy XXI GOM LLC,US
WESTLAND RESOURCES CORP,US
HOUSTON AMERICAN ENERGY CORP,US
SILVER STAR ENERGY INC,US
CREDO PETROLEUM CORP,US
CIRCLE STAR ENERGY CORP,US
SIMON ROBERT J II,US
NEXEN INC,CA
GREAT LAKES ACQUISITION CORP,US
BIOSTEM U.S. CORP,US
ALGAE FARM (USA) INC,US
GEODYNE ENERGY INCOME LTD PARTNERSHIP III G,US
SOUTH SHORE RESOURCES INC,US
New Source Energy Partners LP,US
Wizard World Inc,US
Titan Oil & Gas Inc,US
WESCORP ENERGY INC,US
LILIS ENERGY INC,US
Lone Pine Resources Inc,US
PROVIDENT ENERGY LTD,CA
WORLD FUEL SERVICES CORP,US
Clean Coal Technologies Inc,US
VERMILION ENERGY INC,CA
Treaty Energy Corp,US
Rangeford Resources Inc,US
SandRidge Permian Trust,US
GEO PETROLEUM INC,US
TEKOIL & GAS CORP,US
RADIANT OIL & GAS INC,US
TagLikeMe Corp,US
INTELLIREADY INC,US
SAVANNA EAST AFRICA INC,US
Verdant Technology CORP,US
Northern Tier Energy LP,US
AEGEAN MARINE PETROLEUM NETWORK INC,MH
PetroHunter Energy Corp,US
Infinity Oil & Gas Co,US
SHANNON INTERNATIONAL INC,US
ICON Oil & Gas Fund A LP,US
EXCO Partners LP,US
MarkWest Energy Finance CORP,US
Willbros Group Inc,US
FORELAND CORP,US
Legend Oil & Gas Ltd,US
Steel Excel Inc,US
OPEN ENERGY CORP,US
1115650 ALBERTA LTD,CA
HIKO BELL MINING & OIL CO,US
VARCO INTERNATIONAL INC,US
Complete Production Services Inc,US
CANADIAN 88 ENERGY CORP,CA
GEOGLOBAL RESOURCES INC,US
CAPCO ENERGY INC,US
Bronco Drilling Co Inc,US
FIDELIS ENERGY INC,US
QUEST OIL CORP,US
JX Holdings Inc,JP
Alamo Energy Corp,US
DIXON STEVEN C,US
LESTER J MARK,US
HOOD HENRY J,US
BURGER MARTHA A,US
Mewbourne Energy Partners 10 A LP,US
GOTHIC PRODUCTION LLC,US
MEWBOURNE ENERGY PARTNERS 05 A LP,US
ENTERPRISE PRODUCTS PARTNERS L P,US
CHELSEA OIL & GAS LTD,CA
HALCON RESOURCES CORP,US
Sprague Resources LP,US
AVOCA INC,US
NEWPARK RESOURCES INC,US
MAINLAND RESOURCES INC,US
ADVANCED SEISMIC TECHNOLOGY INC,US
O A O TATNEFT,NULL
UNIT DRILLING & EXPLORATION CO,US
Carbon Natural Gas Co,US
Laredo Petroleum Inc,US
WESTPORT RESOURCES CORP,US
XTO ENERGY INC,US
EAGLE ROCK ENERGY PARTNERS L P,US
Fresh Traffic Group Inc,US
OCEAN ENERGY INC,US
AMERICAN ENERGY GROUP LTD,US
TRI VALLEY CORP,US
NEG Oil & Gas LLC,US
ADVANTAGE OIL & GAS LTD,CA
ASCENT ENERGY INC,US
Big West Oil Partners LP,US
BRAVO ENTERPRISES LTD,US
New Western Energy Corp,US
NGAS Resources Inc,CA
GEODYNE ENERGY INCOME LTD PARTNERSHIP III E,US
EOTT ENERGY FINANCE CORP,US
SOUTHWEST OIL & GAS INCOME FUND X C LP,US
TN K ENERGY GROUP INC,US
Puissant Industries Inc,US
Index Oil & Gas Inc,US
GEODYNE ENERGY INCOME LTD PARTNERSHIP III D,US
DRIL QUIP INC,US
PETROL OIL & GAS INC,US
GEODYNE ENERGY INCOME LTD PARTNERSHIP II C,US
WESTPORT RESOURCES CORP,US
VALERO ENERGY CORP,US
NYTEX Energy Holdings Inc,US
Emerge Energy Services LP,US
ALTERNATIVE ASSET GROWTH FUND L P,US
Woodgate Energy Corp,US
QEP RESOURCES INC,US
Power Resource Exploration Inc,CA
MEWBOURNE ENERGY PARTNERS 01 A LP,US
BERRY PETROLEUM CO,US
Whiting USA Trust II,US
Baseline Oil & Gas Corp,US
QR Energy LP,US
MANAS PETROLEUM Corp,US
AMBER RESOURCES CO OF COLORADO,US
United States Oil & Gas Corp,US
GEODYNE ENERGY INCOME LTD PARTNERSHIP III B,US
SASOL LTD,ZA
INFITECH VENTURES INC,US
Thrust Energy Corp,US
Advanced Voice Recognition Systems Inc,US
CITYVIEW CORP LTD,AU
TALISMAN ENERGY INC,NULL
AZTEC OIL & GAS INC,US
Frac Tech Services Inc,US
SUPERNOVA ENERGY INC,US
YPF SOCIEDAD ANONIMA,AR
DAKOTA PLAINS HOLDINGS INC,US
SM Energy Co,US
Reef Global Energy IX LP,US
PARAMOUNT RESOURCES LTD,CA
PETROCORP INC,US
BHP BILLITON FINANCE USA LTD,AU
FALCON NATURAL GAS CORP,US
PENGROWTH ENERGY Corp,CA
ABBOTT ENERGY INC,US
FELLOWS ENERGY LTD,US
GENERAL GOLD CORP,US
BROADBAND WIRELESS INTERNATIONAL CORP,US
Enterprise Products Operating LLC,US
OMNI ENERGY SERVICES CORP,US
BPI Energy Holdings Inc,CA
NEWFIELD FINANCIAL TRUST I,US
LEXINGTON RESOURCES INC,US
FRACMASTER LTD,CA
TransCoastal Corp,US
ENERPLUS Corp,CA
Baying Ecological Holding Group Inc,US
MESA OFFSHORE TRUST,US
MARKWEST HYDROCARBON INC,US
WILSHIRE OIL CO OF TEXAS,US
SOVEREIGN CHIEF VENTURES LTD,CA
TESCO CORP,CA
Calumet Specialty Products Partners LP,US
CHINA DAQING M&H PETROLEUM INC,US
ENDEVCO INC,US
Nationwide Utilities Corp,US
EVERGREEN RESOURCES INC,US
CROWN JEWEL RESOURCES CORP,US
GULFPORT ENERGY CORP,US
Eco Tek Group Inc,US
SUPERIOR OIL & GAS CO,US
Global Geophysical Services Inc,US
Viper Energy Partners LP,US
BIG CAT ENERGY CORP,CA
FREESTONE RESOURCES INC,US
Black Elk Energy Offshore Operations LLC,US
Matador Resources Co,US
ATLAS AMERICA PUBLIC #9 LTD,US
SOUTHWEST ROYALTIES INSTITUTIONAL INCOME FUND VII B L P,US
CONOCOPHILLIPS AUSTRALIA FUNDING CO,US
TEL OFFSHORE TRUST,US
Harvest Operations Corp,CA
PENN OCTANE CORP,US
DELTA OIL & GAS INC,US
Sundance Energy Australia Ltd,US
TOTAL CAPITAL CANADA LTD,CA
DUNE ENERGY INC,US
NiMin Energy Corp,CA
DOUBLE EAGLE PETROLEUM CO,US
CHESAPEAKE ENERGY CORP,US
TMBR SHARP DRILLING INC,US
Reef Global Energy V LP,US
C&J Energy Services Inc,US
PLAINS RESOURCES INTERNATIONAL INC,US
PLAINS EXPLORATION & PRODUCTION CO,US
APACHE FINANCE PTY LTD,AU
COMSTOCK RESOURCES INC,US
Crown Exploration Fund I LP,US
Green Technology Solutions Inc,US
SOUTHWEST OIL & GAS INCOME FUND X B LP,US
SOUTHWEST OIL & GAS INCOME FUND X A LP,US
TRANSGLOBE ENERGY CORP,CA
VARCO INTERNATIONAL INC,US
DEREK OIL & GAS CORP,CA
CVR Refining LP,US
EGPI FIRECREEK INC,US
GEODYNE ENERGY INCOME LTD PARTNERSHIP II A,US
Texas Jack Oil & Gas Corp,US
BERKLEY RESOURCES INC,CA
TERYL RESOURCES CORP,CA
Colorado 2001A Limited Partnership,US
Colorado 2001C Limited Partnership,US
Colorado 2001B Limited Partnership,US
Colorado 2001D Limited Partnership,US
Kentucky USA Energy Inc,US
Bluefire Equipment Corp,US
TRINITY ENERGY RESOURCES INC,US
WHITING PROGRAMS INC,US
RIDGEWOOD ENERGY K FUND LLC,US
Offshore Petroleum Corp,US
PETROCHINA CO LTD,TW
MILLER ENERGY RESOURCES INC,US
BP PRUDHOE BAY ROYALTY TRUST,US
FEC Resources Inc,CA
SOUTHWEST OIL & GAS INCOME FUND XI A LP,US
SOUTHWEST ROYALTIES INSTITUTIONAL INCOME FUND XI B LP,US
SOUTHWEST ROYALTIES INSTITUTIONAL INCOME FUND XI A LP,US
ENTERRA ENERGY TRUST,CA
CYGNUS OIL & GAS CORP,US
GASCO ENERGY INC,US
SKYE PETROLEUM,US
Signature Exploration & Production Corp,US
UNITED STATES EXPLORATION INC,US
GREEN PLANET GROUP INC,US
SOUTHWEST PARTNERS III L P,US
KCS ENERGY INC,US
HKN Inc,US
HOLLOMAN ENERGY CORP,US
CHEYENNE RESOURCES INC,US
MESA ROYALTY TRUST,US
CHEETAH OIL & GAS LTD,US
TXCO Resources Inc,US
GEOPETRO RESOURCES CO,US
NATURAL GAS SERVICES GROUP INC,US
GREKA ENERGY CORP,US
PEMBINA PIPELINE CORP,CA
AVON OVERSEAS CAPITAL CORP,US
Encompass Energy Services Inc,US
BENCH ROBERT K,US
CROSS TIMBERS ROYALTY TRUST,US
EVANS SYSTEMS INC,US
Ellora Energy Inc,US
Exterra Energy Inc,US
CHESAPEAKE EXPLORATION L P,US
PETSEC ENERGY LTD,NULL
CALIFORNIA PETROLEUM TRANSPORT CORP,US
HUGOTON ROYALTY TRUST,US
Cypress Energy Partners LP,US
GETTY PROPERTIES CORP,US
Compressco Partners LP,US
FIRST COLOMBIA GOLD CORP,US
PREEM HOLDINGS AB PUBL,SE
BREK ENERGY CORP,US
NGC CORP CAPITAL TRUST I,US
APACHE FINANCE CANADA CORP,CA
PDC 2004 D Limited Partnership,US
PDC 2004 C Limited Partnership,US
PDC 2004 B Limited Partnership,US
PDC 2004 A Limited Partnership,US
Shell International Finance B.V.,NL
STONE ENERGY CORP,US
PACIFIC ENERGY RESOURCES LTD,US
CITGO PETROLEUM CORP,US
Superior Well Services INC,US
Atlas Resources Public #16 2007 Program,US
HEADWATERS INC,US
TRANSATLANTIC PETROLEUM LTD,BM
STRIKER OIL & GAS INC,US
AsherXino Corp,US
SONORAN ENERGY INC,US
Venoco Acquisition Co LP,US
UNIVERSAL ENERGY CORP,US
CABOT OIL & GAS CORP,US
ENERGY & ENGINE TECHNOLOGY CORP,US
FREEDOM PETROLEUM INC,US
ABBY INC,US
Reef Global Energy VI LP,US
MCMORAN EXPLORATION CO,US
ARETE INDUSTRIES INC,US
ROWAN COMPANIES PLC,GB
MONUMENT RESOURCES INC,US
Allis Chalmers Energy Inc,US
WILLIAMS COAL SEAM GAS ROYALTY TRUST,US
OMEGA COMMERCIAL FINANCE CORP,US
ANV SECURITY GROUP INC,US
CARRIZO OIL & GAS INC,US
Cardinal Energy Group Inc,US
Diamondback Energy Services Inc,US
Insight Management Corp,US
RICHLAND RESOURCES CORP,US
American Motorcycle CORP,US
Ensource Energy Income Fund LP,US
VALLEY OF THE RIO DOCE CO,BR
Macquarie Infrastructure Co LLC,US
Macquarie Infrastructure CO Trust,US
VINTAGE PETROLEUM INC,US
INTERLINE RESOURCES CORP,US
LIONS PETROLEUM INC,US
PARKER DRILLING CO,US
PURCELL ENERGY LTD,CA
Encore Energy Partners LP,US
ORETECH INC,US
CALLON PETROLEUM CO,US
WEATHERFORD INTERNATIONAL LTD,BM
American Natural Energy Corp,US
Gastar Exploration USA Inc,US
NATIONAL ENERGY GROUP INC,US
Abraxas Energy Partners LP,US
ALITHEIA RESOURCES INC,US
TAYLOR NICHOLAS C,US
Falconridge Oil Technologies Corp,US
TERRA SYSTEMS CORP,US
PETROBRAS INTERNATIONAL FINANCE CO,KY
FRONTIER OILFIELD SERVICES INC,US
ENERGYTEC INC,US
RIDGEWOOD ENERGY T FUND LLC,US
SUN RIVER ENERGY INC,US
CONOCOPHILLIPS,US
American Standard Energy Corp,US
SYNERGY RESOURCES CORP,US
NOBLE DRILLING CORP,US
ATLAS PARTNERSHIP,US
UNIVERSAL TRACKING SOLUTIONS INC,US
CHANCELLOR GROUP INC,US
ATLAS AMERICA PUBLIC #11 2002 LTD,US
ANTERO RESOURCES Corp,US
PIONEER NATURAL RESOURCES USA INC,US
EnerJex Resources Inc,US
TRANSCOASTAL MARINE SERVICES INC,US
BP PLC,GB
PDC 2004 2006 DRILLING PROGRAM,US
Unbridled Energy CORP,CA
GEODYNE ENERGY INCOME LTD PARTNERSHIP II E,US
Globotek Holdings Inc,US
CHESAPEAKE ENERGY MARKETING INC,US
IEG ENERGY GROUP INC,US
MILAGRO OIL & GAS INC,US
PROLONG INTERNATIONAL CORP,US
COSTILLA ENERGY INC,US
ATLANTIC CASPIAN RESOURCES PLC,GB
KIANTONE PIPELINE CORP,US
MAVERICK OIL & GAS INC,US
TEXAS VANGUARD OIL CO,US
Eastern 1998D Limited Partnership,US
DAWSON GEOPHYSICAL CO,US
PERELMAN MARSHA REINES,US
JMG Exploration Inc,US
Black Raven Energy Inc,US
UNIVERSAL PROPERTY DEVELOPMENT & ACQUISITION CORP,US
Daybreak Oil & Gas Inc,US
TRINITY INDUSTRIES LEASING CO,US
Ridgewood Energy L Fund LLC,US
Trans Orient Petroleum Ltd,CA
Atlas America Public #14 2005 (A) LP,US
QUANTUM ENERGY INC,US
Colorado 2000D Limited Partnership,US
Constellation Energy Partners LLC,US
Colorado 2000B Limited Partnership,US
PLATINA ENERGY GROUP INC,US
APOLLO DRILLING INC,US
INNUITY INC,US
SEVEN SEAS PETROLEUM INC,CA
Ridgewood Energy O Fund LLC,US
ICAHN ENTERPRISES HOLDINGS LP,US
ROYALE ENERGY INC,US
NATIONAL INTELLIGENCE ASSOCIATION INC,US
JOY TECHNOLOGIES INC,US
SULPHCO INC,US
MERCURY AIR GROUP INC,US
Glen Rose Petroleum CORP,US
BOLT TECHNOLOGY CORP,US
RED MOUNTAIN RESOURCES INC,US
SEAHAWK DRILLING INC,US
NORTH COAST ENERGY INC / DE,US
CHILES OFFSHORE INC,US
PVR Gas Processing LLC,US
PVR GAS PROCESSING LLC,US
OIL STATES INTERNATIONAL INC,US
LITEWAVE CORP,US
ITP Energy Corp,US
Enduro Royalty Trust,US
ABF CAPITAL CORP,US
SEDCO INC,US
ARMADA WATER ASSETS INC,US
WICKLUND HOLDING CO,US
EPICURE CHARCOAL INC,US
MARINE PETROLEUM TRUST,US
PRIMA ENERGY CORP,US
AMERICAN PETRO HUNTER INC,US
PRIMEWEST ENERGY TRUST,CA
PIONEER NATURAL RESOURCES CO,US
PEMEX FINANCE LTD,US
COMPTON PETROLEUM CORP,CA
TREK RESOURCES INC,US
DISCOVERY OIL LTD,US
EASTERN AMERICAN NATURAL GAS TRUST,US
REPUBLIC RESOURCES INC,US
Core Laboratories LP,US
WILLBROS GROUP INC,PA
DORCHESTER MINERALS LP,US
Vantage Energy Services Inc,US
FIBER GLASS SYSTEMS HOLDINGS LLC,US
Glori Energy Inc,US
ATLAS ENERGY FOR NINETIES PUBLIC NO 8 LTD,US
Janus Resources Inc,US
Venoco Inc,US
TRANSACT ENERGY CORP,US
MEWBOURNE ENERGY PARTNERS 09 A LP,US
Transocean Partners LLC,MH
DOVER PETROLEUM INC,US
Oasis Petroleum Inc,US
DYNEGY INC,US
BASIC ENERGY SERVICES INC,US
RANCHER ENERGY CORP,US
CHINA NORTH EAST PETROLEUM HOLDINGS LTD,US
Core Resource Management Inc,US
CONOCOPHILLIPS HOLDING CO,US
Eastern 1996D Limited Partnership,US
ENBRIDGE ENERGY MANAGEMENT L L C,US
PETROBRAS PETROLEO BRASILEIRO SA,BR
STEEN RIVER OIL & GAS INC,CA
LEXINGTON ENERGYSERVICES INC,US
GEODYNE ENERGY INCOME LIMITED PARTNERSHIP II F,US
GEODYNE INSTITUTIONAL PENSION ENERGY INCOME P 2 LTD PTNSHIP,US
GEODYNE INSTITUTIONAL PENSION ENERGY INCOME P 1 LTD PTNSHIP,US
ROWAN COMPANIES Ltd,GB
Delek US Holdings Inc,US
POGO PRODUCING CO,US
Superior Offshore International Inc,US
TUBOSCOPE PIPELINE SERVICES INC,US
PAR PETROLEUM CORP,US
GEODYNE ENERGY INCOME LTD PARTNERSHIP II D,US
NewGen Technologies Inc,US
ARX Gold Corp,US
EMPIRIC ENERGY INC,US
ZION OIL & GAS INC,US
TX Holdings Inc,US
ATWOOD OCEANICS INC,US
ECA Marcellus Trust I,US
BCM Energy Partners Inc,US
Western Standard Energy Corp,US
BAROLA OIL & GAS CO INC,US
Massive Interactive Inc,US
ROYALITE PETROLEUM CO INC,US
RIDGEWOOD ENERGY X FUND LLC,US
ALLIED RESOURCES INC,US
Eclipse Resources Corp,US
MALLON RESOURCES CORP,US
Generation Zero Group Inc,CA
OCCIDENTAL PETROLEUM CORP,US
TUBOSCOPE HOLDING US INC,US
TUBO FGS LLC,US
VARCO LP,US
Reef Global Energy VII LP,US
FIBER GLASS SYSTEMS LP,US
ROCKY MOUNTAIN ENERGY CORP,US
PROGRESS ENERGY LTD,CA
BAKKEN RESOURCES INC,US
FUELNATION INC,US
Contango Energy CO,US
Ausam Energy Corp,CA
SOUTHWEST OIL & GAS INCOME FUND VII A L P,US
TEXHOMA ENERGY INC,US
BAKER HUGHES INC,US
KIANTONE PIPELINE CO,US
PDVSA FINANCE LTD,KY
TURNER VALLEY OIL & GAS INC,US
TAG OIL LTD,CA
NEWFIELD EXPLORATION CO,US
STAR ENERGY CORP,US
Sabine Production Partners LP,US
Velocity Energy Inc,US
Bois d Arc Energy Inc,US
RIDGEWOOD ENERGY V FUND LLC,US
CGG HOLDING (U.S.) INC,FR
Pegasi Energy Resources Corp.,US
HALLIBURTON CO,US
ULTRA PETROLEUM CORP,US
TRANSTEXAS GAS CORP,US
PVR LAVERNE GAS PROCESSING LLC,US
PVR HYDROCARBONS LLC,US
PVR GAS GATHERING LLC,US
ENCORE ACQUISITION CO,US
American Energy Capital Partners LP,US
PACIFIC RODERA VENTURES INC,CA
QUANTITATIVE ALPHA TRADING INC,CA
Petrocorp Inc,US
NORSTRA ENERGY INC,US
Industrial Enterprises of America Inc,US
TUNDRA RESOURCES INC,US
SHELL TRANSPORT & TRADING CO PLC,GB
SHELL OIL CO,US
New Forest Oil Inc,US
CASPIAN SERVICES INC,US
PORTAGE BIOTECH INC,CA
NORTH SPRINGS RESOURCES CORP,US
PEMEX REFINING,MX
WICHITA RIVER OIL CORP,US
Marathon Petroleum Corp,US
MDS Energy Public 2013 Program,US
ADINO ENERGY CORP,US
Springbank Resources Inc,US
Mammoth Energy Partners LP,US
Rudy 45,US
ZaZa Energy Corp,US
STERLING DRILLING FUND 1983 1,US
NYCAL CORP,US
GEODYNE RESOURCES INC,US
CRIMSON EXPLORATION INC,US
ICAHN ENTERPRISES LP,US
EP Energy Corp,US
IMPERIAL PETROLEUM INC,US
BONANZA OIL & GAS INC,US
SEVEN J STOCK FARM INC,US
Blackbird Petroleum Corp,US
DEEP WELL OIL & GAS INC,US
Advantage Disposal Solutions Inc,US
NEG Inc,US
SANTA FE ENERGY TRUST,US
MEWBOURNE ENERGY PARTNERS 04 A LP,US
GEODYNE ENERGY INCOME LTD PARTNERSHIP I F,US
Quicksilver Production Partners LP,US
PETROCAL INC,US
STRATUM HOLDINGS INC,US
FRONT RANGE HIMALAYA CORP,US
ADAMS RESOURCES & ENERGY INC,US
BEEHNER JIM,US
SOUTH TEXAS OIL CO,US
BUCYRUS INTERNATIONAL INC,US
LONE OAK ACQUISITION CORP,US
FTS International LLC,US
Trans Pacific Aerospace Co Inc,US
HYDRIL CO,US
NOBLE CORP,US
ADVANTAGE ENERGY INCOME FUND,CA
GEODYNE INSTITUTIONAL PENSION ENERGY INC LTD PARTNERSHIP P 7,US
GEODYNE INSTITUTIONAL PENSION ENERGY INC LTD PARTNERSHIP P 8,US
Antero Resources LLC,US
Precision Drilling Co LP,US
BreitBurn Energy Partners LP,US
Atlas America Public #15 2006 (B) LP,US
DEEPTECH INTERNATIONAL INC,US
Black Ridge Oil & Gas Inc,US
FIRST SEISMIC CORP,US
SOUTHWEST ROYALTIES INC,US
AURORA ENERGY LTD,US
WARD LAKE DRILLING INC,US
KCS ENERGY SERVICES INC,US
COASTAL PACIFIC MINING CORP,CA
FOOTHILLS RESOURCES INC,GB
ALTEX INDUSTRIES INC,US
Statoil Petroleum AS,NO
QUEST RESOURCE CORP,US
UNITED ENERGY CORP,US
HOUSTON EXPLORATION CO,US
Mining Oil Inc,US
TITAN EXPLORATION INC,US
RADIAL ENERGY INC,US
MULTIPLEX SERVICES INC,US
PREMIER ENERGY CORP,US
C&D PRODUCTION INC,US
PETROKAZAKHSTAN INC,CA
OSLO CHALLENGER PLC,NO
Petroflow Energy Ltd,CA
ESCO Corp,US
SAMEX MINING CORP,CA
North American Energy Partners Inc,CA
IMPERIAL OIL LTD,CA
FRONTIER ENERGY CORP,US
WORTHINGTON ENERGY INC,US
TESORO CORP,US
MV Oil Trust,US
GLOBAL PARTNERS LP,US
SEADRILL LTD,BM
Noble Corp Ltd,GB
ReoStar Energy CORP,US
STATOIL ASA,NO
NEW FRONTIER ENERGY INC,US
SARATOGA RESOURCES INC,US
Capital City Energy Group Inc,US
PDC 2003 DRILLING PROGRAM I,US
KESTREL ENERGY INC,US
GFY FOODS INC,US
EQUAL ENERGY LTD,CA
Alon USA Energy Inc,US
TEPPCO PARTNERS LP,US
PEDEVCO CORP,US
J BIRD MUSIC GROUP LTD,US
SUNOCO INC,US
AVIVA PETROLEUM INC,US
CASPIAN ENERGY INTERNATIONAL INC,US
LUKE ENERGY LTD,CA
Petrobras Global Finance B.V.,NL
TORREY CHARLES P JR,US
Spotlight Innovation Inc,US
HESS CORP,US
VICTORY ENERGY CORP,US
Triton Distribution Systems Inc,US
WPX ENERGY INC,US
SCHLUMBERGER LTD,AN
LESUER KEN R,US
DREW ERNEST H,US
KEYSTONE INTERNATIONAL FUND INC,US
WESTERN OIL SANDS INC,CA
Breitling Energy Corp,US
Petro River Oil Corp,US
Northern Tier Finance Corp,US
Northern Tier Energy LLC,US
Franks International N.V.,NL
PLATINUM ENERGY RESOURCES INC,US
MORAN ENERGY INC,US
BP CAPITAL MARKETS PLC,GB
STERLING DRILLING FUND 1983 2,US
MERIDIAN RESOURCE CORP,US
APOLLO RESOURCES INTERNATIONAL INC,US
GEORESOURCES INC,US
GulfStar Energy Corp,US
SandRidge Mississippian Trust I,US
PC Financial Partnership,US
MAGELLAN PETROLEUM CORP,US
Rice Energy Inc,US
EOTT ENERGY PARTNERS LP,US
SOUTHWEST DEVELOPMENTAL DRILLING FUND 91 A LP,US
Eos Petro Inc,US
PEMEX PROJECT FUNDING MASTER TRUST,US
CALCITECH LTD,CH
CAMERON INTERNATIONAL CORP,US
HOWELL CORP,US
WSP Holdings LTD,KY
EDGE PETROLEUM CORP,US
PLAINS RESOURCES INC,US
TERRA ENERGY & RESOURCE TECHNOLOGIES INC,US
GRANT GEOPHYSICAL INC,US
Triangle Petroleum Corp,US
EARTH SEARCH SCIENCES INC,US
REEF GLOBAL ENERGY VENTURES,US
Aurora Oil & Gas CORP,US
SPINNAKER EXPLORATION CO,US
ASPEN GROUP RESOURCES CORP,CA
BIG SKY ENERGY CORP,US
DYNAMIC OIL & GAS INC,CA
CORE LABORATORIES N V,NL
Amrose Oil Co Inc,US
PVR MARCELLUS GAS GATHERING LLC,US
Forbes Energy Services LLC,US
REMINGTON OIL & GAS CORP,US
Atrisco Oil & Gas LLC,US
NETCO SILVER INC,CA
TOT Energy,US
LIFESMART NUTRITION TECHNOLOGIES INC,US
PREMCOR INC,US
Canetic Resources Trust,CA
DENVER PARENT Corp,US
LUCAS ENERGY INC,US
STRATFORD AMERICAN CORP,US
MATRIX ENERGY SERVICES CORP,US
FIELDPOINT PETROLEUM CORP,US
TEXACO INC,US
RIDGEWOOD ENERGY S FUND LLC,US
PANHANDLE OIL & GAS INC,US
GEODYNE ENERGY INCOME LTD PARTNERSHIP III F,US
DESERT MINING INC,US
TEXLAND DRILLING PROGRAM 1981,US
TIDELANDS OIL & GAS CORP,US
NOVA BIOSOURCE FUELS INC,US
China Integrated Energy Inc,US
PETROLEUM GEO SERVICES ASA,US
ALBERTA ENERGY CO LTD,NULL
CNOOC LTD,US
MARATHON OIL CORP,US
Midstates Petroleum Co Inc,US
True North Energy CORP,US
Resolute Energy Partners LP,US
RIDGEWOOD ENERGY Q FUND LLC,US
LONE PINE RESOURCES CANADA LTD,CA
Transmeridian Exploration Inc,VG
New Concept Energy Inc,US
UNIT CORP,US
FUTURE ENERGY CORP,US
PDC ENERGY INC,US
NABORS INDUSTRIES INC,US
EPIC ENERGY RESOURCES INC,US
REPSOL INTERNATIONAL CAPITAL LTD,KY
OCEAN ENERGY INC,US
ION GEOPHYSICAL CORP,US
Reef Global Energy IV LP,US
Pacific Asia China Energy Inc,CA
GENESIS ENERGY LP,US
WHITING USA TRUST I,US
ENERGY XXI (BERMUDA) LTD,BM
VENUS EXPLORATION INC,US
SOUTHWEST ROYALTIES INC INCOME FUND VI,US
Seadrill Partners LLC,MH
ALLEN MARK C,US
Colony Energy Inc,US
iCarbon CORP,US
NELX INC,US
Malaysia Pro Guardians Security Management Corp,US
LRR Energy LP,US
OCTAGON 88 RESOURCES INC,US
NOMAC DRILLING LLC,US
JOY GLOBAL INC,US
STAFFORD ENERGY INC,US
VENEZUELAN NATIONAL PETROLEUM CO,VE
CENTIRE INTERNATIONAL INC,US
Baytex Energy USA Ltd,US
REEF GLOBAL ENERGY I LP,US
PLAINS E&P CO,US
Noble Holding International Ltd,KY
SHARP DAVID W,US
WEDEMEYER PHIL D,US
PETROHAWK ENERGY CORP,US
Rosetta Resources Inc,US
Indigo Energy Inc,US
ENERGY & TECHNOLOGY CORP,US
Horsepower Holdings Inc,US
EL PASO PRODUCTION HOLDING CO,US
Buckeye Oil & Gas Inc,US
Hiland Partners LP,US
PETROMINERALS CORP,US
PETROL INDUSTRIES INC,US
AvStar Aviation Group Inc,US
ASSURE ENERGY INC,US
MITSUI & CO LTD,JP
CARBON ENERGY CORP,US
Applied Natural Gas Fuels Inc,US
CHEVRON PHILLIPS CHEMICAL CO LP,US
COUGAR OIL & GAS CANADA INC,CA
Perkins Oil & Gas Inc,US
ATLAS AMERICA PUBLIC #12 2003 Limited Partnership,US
EXXON MOBIL CORP,US
HYPERDYNAMICS CORP,US
AUSTRAL PACIFIC ENERGY LTD,CA
Park Place Energy Corp,US
PETRO HORIZON ENERGY CORP,CA
ARCO CHEMICAL TECHNOLOGY INC,US
LYONDELL CHEMICAL TECHNOLOGY LP,US
BILL BARRETT CORP,US
GEODYNE ENERGY INCOME LTD PARTNERSHIP II B,US
NXT Energy Solutions Inc,CA
PETROQUEST ENERGY INC,US
PLATINUM ENERGY SOLUTIONS INC,US
AMERIRESOURCE TECHNOLOGIES INC,US
B FAST CORP,US
Diamondback Energy Inc,US
American Sands Energy Corp,US
LIONS GATE INVESTMENT LTD,US
SOUTHWEST ROYALTIES INSTITUTIONAL INCOME FUND X C LP,US
FORUM ENERGY TECHNOLOGIES INC,US
EMPIRE PETROLEUM CORP,US
GASTAR EXPLORATION INC,US
Colorado 2000C Limited Partnership,US
Repsol SA,ES
EMPIRE ENERGY CORP,US
American Resource Technologies Inc,US
RAM ENERGY INC,US
CHOATE JERRY D,US
SOUTHWEST DEVELOPMENTAL DRILLING FUND 92 A LP,US
KEY PRODUCTION CO INC,US
PETROFUND ENERGY TRUST,CA
Savoy Energy Corp,US
Sync2 Networks Corp,US
Transocean Ltd,CH
Coil Tubing Technology Holdings Inc,US
KERR BREENE M,US
China Hefeng Rescue Equipment Inc,US
HEIZER EDGAR JR,US
VTEX ENERGY INC,US
Coffeyville Resources Inc,US
Reef 2007 2009 Drilling Program,US
Sustainable Environmental Technologies Corp,US
EOG RESOURCES INC,US
EARTHSTONE ENERGY INC,US
Rockies Region 2006 Limited Partnership,US
Advanced Cannabis Solutions Inc,US
BARNWELL INDUSTRIES INC,US
DEVON ENERGY CORP,US
Eco Stim Energy Solutions Inc,US
Reef Global Energy III LP,US
ANADARKO PETROLEUM CORP,US
Nuverra Environmental Solutions Inc,US
EXCO RESOURCES INC,US
NABORS HOLDING CO,US
UNION OIL CO OF CALIFORNIA,US
UNOCAL CORP,US
PENNZOIL QUAKER STATE CO,US
PREMIER OIL FIELD SERVICES INC,US
CGG AMERICAS INC,US
BLUM PETER H,US
Windsor Energy Resources Inc,US
Hubei Minkang Pharmaceutical Ltd,US
FULL MOON UNIVERSE INC,US
CALDERA CORP,US
TODCO,US
MEWBOURNE ENERGY PARTNERS 08 A LP,US
T 3 ENERGY SERVICES INC,US
NORTHERN OIL & GAS INC,US
US ENERGY CORP,US
Galt Petroleum Inc,US
UNITED REFINING CO,US
RAAM Global Energy Co,US
Vantage Energy Inc,US
BLUE DOLPHIN ENERGY CO,US
OAKRIDGE ENERGY INC,US
STATMON TECHNOLOGIES CORP,US
KEY ENERGY SERVICES INC,US
Oiltek Inc,US
NATIONAL OILWELL VARCO INC,US
TERAX ENERGY INC,US
Find the World Interactive Inc,US
Hiland Holdings GP LP,US
SEITEL SOLUTIONS LTD,US
MATRIXX RESOURCE HOLDINGS INC,US
SI HOLDINGS G.P.,US
WETTSTEIN WIELAND,US
CALLAGHAN KEVIN P,US
ENERNORTH INDUSTRIES INC,CA
SENTRY PETROLEUM LTD,US
Stallion Oilfield Services Inc,US
ENERGY CORP OF AMERICA,US
MORGAN BEAUMONT INC,US
PROPERNYN BV,VE
PDV AMERICA INC,US
Royal Dutch Shell plc,GB
Frontier Refining Inc,US
Frontier Pipeline Inc,US
Frontier Oil & Refining CO,US
SEACOAST OIL & GAS INC,US
TREASURE ISLAND ROYALTY TRUST,US
Alta Mesa Holdings LP,US
LEGACY RESERVES LP,US
Petrobras Argentina SA,AR
PDC 2005 B Limited Partnership,US
PDC 2005 A Limited Partnership,US
Gulf Coast Ultra Deep Royalty Trust,US
Athlon Energy Inc,US
STANDARD PRODUCTION WELLS CORP,US
COLUMBUS ACQUISITION CORP,US
United American Petroleum Corp,US
MAGNUM HUNTER RESOURCES INC,US
GLOBALSANTAFE CORP,US
POWDER RIVER PETROLEUM INTERNATIONAL INC,US
LOCH HARRIS INC,US
HARVEST ENERGY TRUST,CA
Jayhawk Energy Inc,US
EDWARDS S EUGENE,US
EQUITABLE RESOURCES INC,US
Parsley Energy Inc,US
Delta International Oil & Gas Inc,US
CANADIAN NATURAL RESOURCES LTD,CA
WEATHERFORD INTERNATIONAL LLC,US
MISSION RESOURCES CORP,US
Challenger Energy Corp,CA
REEF GLOBAL ENERGY II LP,US
PACIFIC ENERGY PARTNERS LP,US
RING ENERGY INC,US
EURASIA ENERGY LTD,US
PATTERSON UTI ENERGY INC,US
NORTH EUROPEAN OIL ROYALTY TRUST,US
LINK ENERGY LLC,US
Stone Energy Offshore LLC,US
Memorial Resource Development Corp,US
Native American Energy Group Inc,US
TORCHLIGHT ENERGY RESOURCES INC,US
FALCON OIL & GAS CO INC,US
Warrior Energy Services CORP,US
TERRA NOSTRA TECHNOLOGY LTD,US
REX ENERGY CORP,US
COGNIGEN NETWORKS INC,US
PANACO INC,US
Future Quest Nevada Inc,US
Dejour Energy Inc,CA
Eagle Ford Oil & Gas Corp,US
Maxum Petroleum Holdings Inc,US
VOC Energy Trust,US
STRATA OIL & GAS INC,CA
Conquest Petroleum Inc,US
U.S. Well Services LLC,US
QUESTAR CORP,US
SANTA MARIA ENERGY CORP,US
UNIOIL,US
EPOD International Inc,US
TIDELANDS OIL & GAS CORP,US
CYBERTEX ENTERPRISES INC,US
New Source Energy Corp,US
PATCH INTERNATIONAL INC,US
DALECO RESOURCES CORP,US
Luca Technologies Inc,US
Atlas Resources Series 28 2010 LP,US
GULF EXPLORATION CONSULTANTS INC,US
CHESAPEAKE ACQUISITION LLC,US
INFINITY ENERGY RESOURCES INC,LR
Giant Industries Inc,US
Knight Energy Corp,US
Armada Oil Inc,US
Rocketinfo Inc,US
PROVIDENCE RESOURCES INC,US
FISHER JOHN BRADLEY,US
TRAHAN KENDALL A,US
GeoMet Inc,US
CLX ENERGY INC,US
DIAMOND OFFSHORE DRILLING INC,US
ParaFin CORP,US
Atlas Resources Public #16 2007 (A) LP,US
OKLAHOMA ENERGY CORP,US
CENTRAL CAPITAL VENTURE CORP,US
INTREPID TECHNOLOGY & RESOURCE INC,US
SPARTA COMMERCIAL SERVICES INC,US
Forbes Energy Services Ltd,BM
BPZ RESOURCES INC,US
GOLDEN PATRIOT CORP,US
CLAYTON WILLIAMS ENERGY INC,US
BELDEN & BLAKE CORP,US
AURELIA ENERGY N V,AN
PRIDE INTERNATIONAL INC,US
STANDARD ENERGY CORP,US
Starboard Resources Inc,US
Atlas America Series 26 2005 LP,US
CANTON OIL & GAS CO,US
Baron Energy Inc,US
SANDRIDGE ENERGY INC,US
MOUNTAINS WEST EXPLORATION INC,US
REGENT TECHNOLOGIES INC,US
ICON Oil & Gas Fund,US
CUBIC ENERGY INC,US
TOTAL CAPITAL,FR
IMPERIAL PETROLEUM RECOVERY CORP,US
HELMERICH & PAYNE INC,US
ATLAS AMERICA SERIES 25 2004 (B) LP,US
Callon Offshore Production Inc,US
Callon Petroleum Operating CO,US
MAGNUM HUNTER RESOURCES CORP,US
Kosmos Energy Ltd,BM
Atlas America Public #15 2005 (A) LP,US
Abraxas Petroleum Corp 401(K) Profit Sharing Plan,US
AMERICAN OIL & GAS INC,US
WHITING PETROLEUM CORP,US
Kodiak Oil & Gas Corp,CA
BROWN TOM INC,US
Regency Energy Partners LP,US
EFLO ENERGY INC,US
CROSS CANYON ENERGY CORP,US
LINN ENERGY LLC,US
Pinnacle Gas Resources Inc,US
HALO RESOURCES LTD,NULL
TORRENT ENERGY CORP,US
PostRock Energy Corp,US
PRIMEENERGY CORP,US
Recon Technology Ltd,KY
FOX PETROLEUM INC,US
BP CAPITAL MARKETS AMERICA INC,US
CHEVRON CORP,US
BP CANADA FINANCE CO,US
Weatherford International Ltd/Switzerland,CH
CHESAPEAKE GRANITE WASH TRUST,US
PDC 2003 B LP,US
PDC 2003 C LP,US
PDC 2003 A LP,US
PDC 2003 D LP,US
BRINX RESOURCES LTD,US
SIMEX TECHNOLOGIES INC,US
Perpetual Energy Inc,CA
Earth Energy Reserves Inc,US
PDC 2002 C LTD PARTNERSHIP,US
PDC 2002 B LTD PARTNERSHIP,US
PDC 2002 D LTD PARTNERSHIP,US
W&T OFFSHORE INC,US
PETROSEARCH ENERGY CORP,US
Surge Global Energy Inc,US
PARTICLE DRILLING TECHNOLOGIES INC,US
Memorial Production Partners LP,US
W H ENERGY SERVICES INC,US
Reef Global Energy Ventures II,US
Antero Resources Finance Corp,US
RPC INC,US
ENVIRONMENTAL PROCEDURES INC,US
AMERICAN ENERGY PRODUCTION INC,US
SOUTHWEST ROYALTIES INSTITUTIONAL INCOME FUND IX B LP,US
Independence Energy Corp,US
SOUTHWEST OIL & GAS INCOME FUND IX A LP,US
HORIZON OFFSHORE INC,US
KERR MCGEE ROCKY MOUNTAIN CORP,US
ENCANA CORP,CA
RICH COAST INC,US
AMERIGO ENERGY INC,US
NABORS INDUSTRIES LTD,BM
OFFSHORE GROUP INVESTMENT Ltd,KY
Ocean Rig UDW Inc,MT
1115638 ALBERTA LTD,CA
HARVEST BREEZE TRUST NO. 2,CA
HARVEST SASK ENERGY TRUST,CA
BREEZE RESOURCES PARTNERSHIP,CA
HARVEST BREEZE TRUST NO. 1,CA
CHESAPEAKE ENERGY LOUISIANA CORP,US
CHESAPEAKE LOUISIANA LP,US
REDEARTH ENERGY INC,CA
SMEDVIG ASA,NO
ARC RESOURCES LTD,CA
FRIEDE GOLDMAN HALTER INC,US
Ocean Rig Partners LP,MH
BELAIR ENERGY CORP,CA
CANO PETROLEUM INC,US
ENERGEN CORP,US
ATLAS ENERGY FOR THE NINETIES PUBLIC NO 7 LTD,US
AUSTRALIAN OIL & GAS CORP,US
CHESAPEAKE OILFIELD SERVICES INC,US
Brenham Oil & Gas Corp,US
TAMM Oil & Gas Corp,US
ANDERSON ENERGY LTD,CA
APCO OIL & GAS INTERNATIONAL INC,US
SUNCOR ENERGY INC,CA
SYNTHESIS ENERGY SYSTEMS INC,US
GREAT LAKES CARBON CORP,US
Bonanza Creek Energy Inc,US
New Century Energy Corp,US
BJ SERVICES CO,US
AuraSource Inc,US
CENOVUS ENERGY INC,CA
PETRO CANADA,CA
Crusader Energy Group Inc,US
Richland Resources Corp,US
Noble Corp plc,GB
EUROGAS INC,US
MDS ENERGY PUBLIC 2014 A LP,US
Cinco Resources Inc,US
Atlas Energy Resources LLC,US
CAMBRIDGE ENERGY CORP,US
Alon Israel Oil Co Ltd,IL
SOUTHWEST ROYALTIES INSTITUTIONAL INCOME FUND VIII B L P,US
SOUTHWEST OIL & GAS INCOME FUND VIII A L P,US
CHESAPEAKE OPERATING INC,US
Total Capital International,FR
MIE Holdings Corp,KY
XTX ENERGY INC,US
Enservco Corp,US
SARA CREEK GOLD CORP,US
NCE ACQUISITION INC,US
CHEVRON USA INC,US
Quest Energy Partners LP,US
HollyFrontier Corp,US
Eagleford Energy Inc,CA
SWIFT ENERGY CO,US
World Point Terminals LP,US
Independence Resources PLC,GB
HUSKY ENERGY INC,CA
Alon USA Partners LP,US
SMITH INTERNATIONAL INC,US
RAMBO MEDICAL GROUP INC,US
EL PASO ENERGY MANAGEMENT LLC,US
NORSK HYDRO A S A,NO
RTS Oil Holdings Inc,US
TRANSOCEAN INC,KY
LERNER WILLIAM,US
Voyager Petroleum Inc,US
KERR MCGEE CHEMICAL WORLDWIDE LLC,US
Ridgewood Energy M Fund LLC,US
Rio Bravo Oil Inc,US
Century Petroleum Corp,US
TOREADOR RESOURCES CORP,US
3EEE INC,US
Vanguard Energy Corp,US
SOUTHWEST ROYALTIES INSTITUTIONAL INCOME FUND X B LP,US
SOUTHWEST ROYALTIES INSTITUTIONAL INCOME FUND X A LP,US
SONDE RESOURCES CORP,CA
OPTI CANADA INC,CA
EQUITY OIL CO,US
MILLER DAVID ARTHUR,US
MILLER DANIEL R,US
HAWKER RESOURCES INC,CA
WHITING OIL & GAS CORP,US
CO & PA 1999D Limited Partnership,US
WISER OIL CO,US
CASTLEGUARD ENERGY INC,US
DENTAL PATIENT CARE AMERICA INC,US
Energy 11 LP,US
GLOBAL ONLINE INDIA INC,US
Sun Motor International Inc,US
DRUCKER INC,US
GREAT NORTHERN GAS CO,US
CAIRN ENERGY USA INC,US
LYONDELL CHEMICAL NEDERLAND LTD,US
PREMCOR REFINING GROUP INC,US
PACIFIC DRILLING SA,LU
PENN VIRGINIA CORP,US
Stewart & Stevenson LLC,US
CASTLE ENERGY CORP,US
GRAN TIERRA ENERGY INC,US
American Environmental Energy Inc,US
Dynamic Offshore Resources Inc,US
Remington Energy Group Corp,US
MASS Petroleum Inc,CA
BAYOU CITY EXPLORATION INC,US
New GulfMark Offshore Inc,US
CIMAREX ENERGY CO,US
American Oil & Gas Inc,US
CHEVRON PHILLIPS CHEMICAL CO LLC,US
SEITEL INC,US
MILLER EXPLORATION CO,US
Westpoint Energy Inc,US
BG GROUP PLC,GB
GSV INC,US
ATLAS AMERICA SERIES 25 2004 (A) LP,US
Vantage Drilling CO,KY
EVERFLOW EASTERN PARTNERS LP,US
DI ENERGY INC,US
CHINA YILI PETROLEUM CO,US
MEWBOURNE ENERGY PARTNERS 03 A LP,US
WESTRANGE CORP,CA
PRECISION DRILLING Corp,CA
PEMEX GAS & BASIC PETROCHEMICALS,MX
Ensco plc,GB
PEMEX EXPLORATION & PRODUCTION,MX
MEXICAN PETROLEUM,MX
CROSSTEX ENERGY INC,US
FUELS INC,US
CROWN ENERGY CORP,US
GEODYNE ENERGY INCOME LTD PARTNERSHIP I E,US
EL CAPITAN PRECIOUS METALS INC,US
ENDEAVOUR INTERNATIONAL CORP,US
CONSOLIDATED OIL & GAS INC,US
THREE FORKS INC,US
EVOLUTION PETROLEUM CORP,US
JOVIAN ENERGY INC,US
VADDA ENERGY CORP,US
OSLO EXPLORER PLC,NO
PGS Geophysical AS,US
Stratex Oil & Gas Holdings Inc,US
MICRON ENVIRO SYSTEMS INC,US
CROSS BORDER RESOURCES INC,US
GOODRICH PETROLEUM CORP,US
Orient Petroleum & Energy Inc,CA
GEODYNE ENERGY INCOME LTD PARTNERSHIP III C,US
GEODYNE INSTITUTIONAL PENSION ENERGY INCOME LP P 5,US
PANTERA PETROLEUM INC,US
OXY USA INC,US
FX ENERGY INC,US
MEWBOURNE ENERGY PARTNERS 02 A LP,US
ROCKFORD OIL CORP,US
CENTRAL ENERGY PARTNERS LP,US
LOCAL TELECOM SYSTEMS INC,US
ORION ACQUISITION INC,US
WESTBRIDGE ENERGY CORP,CA
UNION DRILLING INC,US
Ridgewood Energy W Fund LLC,US
Southfield Energy CORP,US
PERMIAN BASIN ROYALTY TRUST,US
SAN JUAN BASIN ROYALTY TRUST,US
GALAXY ENERGY CORP,US
MARKWEST ENERGY PARTNERS L P,US
Black Rock Petroleum Co,US
Mogul Energy International Inc,US
Bellatrix Exploration Ltd,CA
Mississippi Marketing Inc,US
Rice Midstream Partners LP,US
ISRAMCO INC,US
Phillips 66,US
PATINA OIL & GAS CORP,US
PRESTIGE CAPITAL CORP,US
KERR MCGEE CORP,US
Minerco Resources Inc,US
GRANT PRIDECO INC,US
Reef Oil & Gas Income & Development Fund III LP,US
Altona Resources Inc,US
Consolidation Services Inc,US
GEOCOM RESOURCES INC,US
Rockies Region Private LP,US
BAYTEX ENERGY CORP,CA
COHO ENERGY INC,US
RIDGEWOOD ENERGY A 1 FUND LLC,US
Weatherford International Ltd,IE
CANADA SOUTHERN PETROLEUM LTD,US
EV Energy Partners LP,US
TENGASCO INC,US
EP Energy Corp,US
STROUD ENERGY INC,US
CONTINENTAL ENERGY Corp,CA
Ridgewood Energy P Fund LLC,US
Laredo Oil Inc,US
SAUER ENERGY INC,US
Vanguard Natural Resources LLC,US
GULFTERRA ENERGY PARTNERS L P,US
DTVN HOLDINGS INC,US
BLACKSANDS PETROLEUM INC,US
SOUTHERN STAR ENERGY INC,US
CHENIERE GRYPHON MANAGEMENT INC,US
Enduro Resource Partners LLC,US
CIBOLA ENERGY CORP,US
NESS ENERGY INTERNATIONAL INC,US
CHINA PETROLEUM & CHEMICAL CORP,NULL
ATLANTIC RICHFIELD CO,US
ATP OIL & GAS CORP,US
XCL LTD,US
PENN PACIFIC CORP,US
SHELL CANADA LTD,CA
West Texas Resources Inc,US
COLORADO WYOMING RESERVE CO,US
SHARON ENERGY LTD,US
Compton Petroleum Finance CORP,CA
OCEANIC EXPLORATION CO,US
OCEANEERING INTERNATIONAL INC,US
NOXSO CORP,US
TRANSOCEAN OFFSHORE INC,US
VAALCO ENERGY INC,US
NUEVO ENERGY CO,US
Lehigh Gas Partners LP,US
RESOURCE AMERICA INC,US
RESERVE PETROLEUM CO,US
INTEROIL CORP,US
Zodiac Exploration Corp,CA
Arc Logistics Partners LP,US
IVANHOE ENERGY INC,CA
MONDIAL VENTURES INC,US
ENTERPRISE PRODUCTS OPERATING L P,US
Rowan Companies Inc,US
PARALLEL PETROLEUM CORP,US
Avalon Oil & Gas Inc,US
ABRAXAS PETROLEUM CORP,US
Alon Refining Krotz Springs Inc,US
FORTUNE OIL & GAS INC,US
GREY WOLF INTERNATIONAL INC,US
GLOBAL MARINE INC,US
KANEB PIPE LINE PARTNERS L P,US
TETRA TECHNOLOGIES INC,US
HARGETT WILLIAM G,US
North Atlantic Drilling Ltd,BM
OCEAN RIG NORWAY AS,NO
OCEAN RIG ASA,NO
FMC TECHNOLOGIES INC,US
NEXT FUEL INC,US
APACHE OFFSHORE INVESTMENT PARTNERSHIP,US
Sokol Energy Corp,US
OCEAN RIG 2 AS,NO
OCEAN RIG 1 AS,NO
Spirit Exploration Inc,US
CANARGO ENERGY CORP,US
ZULU ENERGY CORP,US
FRIENDLY ENERGY EXPLORATION,US
SMF Energy Liquidating Trust,US
LUKE ENERGY LTD,CA
Sanchez Energy Corp,US
GENTRY RESOURCES LTD,CA
AMES CO LLC,US
Ridgewood Energy U Fund LLC,US
MARINER ENERGY INC,US
SKY PETROLEUM INC,US
REFINERY SCIENCE CORP,US
Reef Global Energy VIII LP,US
GREY WOLF INC,US
La Cortez Energy Inc,US
SOUTHWESTERN ENERGY CO,US
HELIX ENERGY SOLUTIONS GROUP INC,US
TRANSMERIDIAN EXPLORATION INC,US
RSP Permian Inc,US
Mid Con Energy Partners LP,US
SIERRA INTERNATIONAL GROUP INC,US
Western Refining Inc,US
CASS M L PETROLEUM CORP,CA
FRONTIER OIL CORP,US
CENTRAL UTILITIES PRODUCTION CORP,US
BRIGHAM EXPLORATION CO,US
TORCH ENERGY ROYALTY TRUST,US
TIPPERARY CORP,US
HINTO ENERGY INC,US
TRI UNION DEVELOPMENT CORP,US
WATCH RESOURCES LTD,CA
Royal Energy Resources Inc,US
COIL TUBING TECHNOLOGY INC,US
SHARPE RESOURCES CORP,US
SUBSEA 7 SA,LU
GNC ENERGY CORP,US
Crown Oil & Gas Inc,US
CNX Gas Corp,US
American Energy Development Corp,US
BURLINGTON RESOURCES INC,US
AVENUE GROUP INC,US
ROCHESTER RESOURCES LTD,CA
Eastern 1997D Limited Partnership,US
Atlas Resources Public #18 2008 Program,US
DEVON ENERGY CORP,US
DYNEGY ENERGY PARTNERS LP,US
SandRidge Mississippian Trust II,US
LILLY PETER B,US
CAPITAL RESERVE CANADA LTD,CA
CGG,FR
HERCULES OFFSHORE INC,US
GLOBAL INDUSTRIES LTD,US
HEROES INC,US
CONNECT GAS PIPELINE LLC,US
CONOCOPHILLIPS CO,US
VINEYARD OIL & GAS CO,US
MARATHON OIL CO,US
PVR MIDSTREAM LLC,US
RICHFIELD OIL & GAS Co,US
PVR FINCO LLC,US
DULCET ACQUISITION LLC,US
TONEY FORK LLC,US
DORCHESTER HUGOTON LTD,US
STERLING GAS DRILLING FUND 1982,US
Siberian Energy Group Inc,US
Resaca Exploitation Inc,US
Cal Dive International Inc,US
Gibson Energy ULC,CA
PGI ENERGY FUND I SERIES 2010INC,US
Gulf United Energy Inc,US
OXY CAPITAL TRUST I,US
ARGONAUT ENERGY CORP,US
PUTNAM INCOME FUND,US
WARREN RESOURCES INC,US
PREMCOR USA INC,US
Cobalt International Energy Inc,US
West Core Drilling Inc,US
PRC WILLISTON LLC,US
Susser Petroleum Partners LP,US
CROSSTEX ENERGY LP,US
ATLAS AMERICA PUBLIC #10 LTD,US
EXXON CAPITAL CORP,US
PROTEC INDUSTRIES INC,US
STANTON DAVID,US
IAS ENERGY INC,US
HARVEST NATURAL RESOURCES INC,US
TRIDENT RESOURCES CORP,CA
DENBURY RESOURCES INC,US
CAMAC Energy Inc,US
Sterling Oil & Gas CO,US
Atlas Resources Public #17 2007 (A) LP,US
Atlas Resources Public #17 2008 (B) LP,US
Atlas Resources Public #17 2007 Program,US
SYNTROLEUM CORP,US
WHITTIER ENERGY CORP,US
Deep Down Inc,US
FORCE FUELS INC,US
PBF Holding Co LLC,US
Atlas Pipeline Holdings LP,US
Green Field Energy Services Inc,US
KANEB SERVICES LLC,US
CHESAPEAKE OILFIELD OPERATING LLC,US
Mercantile Resources Ltd,US
GEODYNE INSTITUTIONAL PENSION ENERGY INC LTD PARTNERSHIP P 3,US
GEODYNE ENERGY INCOME LTD PARTNERSHIP II H,US
RANGE RESOURCES CORP,US
Mewbourne Energy Partners 07 A LP,US
Samson Resources Corp,US
PBF Energy Inc,US
CVR ENERGY INC,US
SOUTHWEST ROYALTIES INC INCOME FUND V,US
Colorado Utah Natural Gas Inc,US
PACIFIC OIL Co,US
Pacific Coast Oil Trust,US
Wentworth Energy Inc,US
SPINDLETOP OIL & GAS CO,US
GEOKINETICS INC,US
TGC INDUSTRIES INC,US
Pacific Coast Energy Co LP,US
WILON RESOURCES INC,US
ARABIAN AMERICAN DEVELOPMENT CO,US
Cancana Reources Corp,CA
CKX LANDS INC,US
CHINA POWERSOFT TECHNOLOGIES INC,US
US NATURAL GAS CORP,US
TRANSOCEAN OIL INC,US
QGOG Constellation SA,LU
GENOIL INC,CA
AMERICAN INTERNATIONAL HOLDINGS CORP,US
3TEC ENERGY CORP,US
TETON ENERGY CORP,US
Cascade Wind Corp Inc,US
NEW GENERATION HOLDINGS INC,US
CANNABIS SCIENCE INC,US
MEDALLION CALIFORNIA PROPERTIES CO,US
GILLIAM D DUANE,US
PETROBRAS ENERGIA PARTICIPACIONES SA,AR
CONTANGO OIL & GAS CO,US
GMX RESOURCES INC,US
VARCO IP INC,US
FORTUNE NATURAL RESOURCES CORP,US
Atlas Resources Public #18 2008 (A) LP,US
Atlas Resources Public #18 2009 (B) LP,US
ENI SPA,IT
ALPHA PETROLEUM EXPLORATION CORP,US
Casablanca Mining Ltd,US
ROYAL DUTCH PETROLEUM CO,NL
EP Energy LLC,US
HK Energy Partners LP,US
CONCHO RESOURCES INC,US
VISTA EXPLORATION CORP,US
SemGroup Corp,US
Colorado 2002A Limited Partnership,US
VTTI Energy Partners LP,MH
PIONEER OIL & GAS,US
CHEVRON CAPITAL USA INC,US
COASTAL CARIBBEAN OILS & MINERALS LTD,BM
PARAGON OFFSHORE LTD,GB
MOKITA INC,US
CONTINENTAL FUELS INC,US
COMSTOCK INDUSTRIES INC,US
MURPHY OIL CORP,US
PVR GAS PIPELINE LLC,US
ARENA RESOURCES INC,US
P&H Mining Equipment Inc,US
Giant Resources Inc,CA
EXERGETIC ENERGY INC,US
Laredo Petroleum Inc,US
INLAND RESOURCES INC,US
AMHN Inc,US
SAExploration Holdings Inc,US
SD Co Inc,US
Esir1Inc.,US
LARGO VISTA GROUP LTD,US
IMPERIAL RESOURCES LLC,US
EAGLE GEOPHYSICAL INC,US
ARKANOVA ENERGY CORP,US
Uniontown Energy Inc,US
Andatee China Marine Fuel Services Corp,US
PYRAMID OIL CO,US
QUAKER CHEMICAL CORP,US
ATLAS AMERICA INC,US
Mesa Energy Inc,US
USA SUPERIOR ENERGY HOLDINGS INC,US
Explortex Energy Inc,US
GULFMARK OFFSHORE INC,US
Rock City Energy Corp,US
Energy & Exploration Partners Inc,US
SUPERIOR ENERGY SERVICES INC,US
TRACKER CORP OF AMERICA,US
OSLO SEISMIC SERVICES INC,US
PDC 2003 DRILLING PROGRAM,US
AMERICAN INTERNATIONAL PETROLEUM CORP,US
Regency Energy Finance CORP,US
CHINA ENERGY & CARBON BLACK HOLDINGS INC,US
TORCH OFFSHORE INC,US
Reef Oil & Gas Drilling & Income Fund LP,US
Annona Energy Inc,US
GEODYNE INSTITUTIONAL PENSION ENERGY INCOME LTD PTNSHIP P 4,US
GEODYNE ENERGY INCOME LTD PARTNERSHIP III A,US
RIDGEWOOD ENERGY Y FUND LLC,US
Alaska Pacific Energy Corp,US
Approach Resources Inc,US
United Refining Energy Corp,US
Chaparral Energy Inc,US
Mewbourne Energy Partners 06 A LP,US
NORTHERN OFFSHORE LTD,BM
DOVE ENERGY INC,CA
C2E ENERGY INC,US
GEODYNE ENERGY INCOME LTD PARTNERSHIP II G,US
CONTINENTAL RESOURCES INC,US
GLICKENHAUS & CO,US
OSAGE EXPLORATION & DEVELOPMENT INC,US
LONGWEI PETROLEUM INVESTMENT HOLDING LTD,US
JOHN D. OIL & GAS CO,US
CUSTOM RESTAURANT & HOSPITALITY GROUP INC,US
DCP MIDSTREAM LLC,US
TOTAL SA,FR
NATION ENERGY INC,US
TIDELANDS ROYALTY TRUST B,US
INTERNATIONAL FUEL TECHNOLOGY INC,US
NTR Acquisition Co,US
Samson Oil & Gas LTD,US
MARTIN MIDSTREAM PARTNERS LP,US
Saga Energy Inc,US
ERHC Energy Inc,US
Pioneer Southwest Energy Partners LP,US
Atlas Energy Operating Co LLC,US
APACHE CORP,US
HALLADOR PETROLEUM CO,US
BAYTEX ENERGY LTD,CA
Atlas America Public #14 2004 LP,US
Insight Medical Group Inc,US
ROBERTS GARETH,US
RYKHOEK PHIL,US
WORTHEY MARK,US
PYR ENERGY CORP,US
CALLON PETROLEUM CO,US
Ensco UK,GB
EPL OIL & GAS INC,US
Boots & Coots Inc,US
TRANS ENERGY INC,US
VALERO ENERGY CORP,US
WHOLEHEALTH PRODUCTS INC,US
RED TRAIL ENERGY LLC,US
Sears Oil & Gas,US
ROCKIES REGION 2007 LP,US
Independence Contract Drilling Inc,US
JP Energy Partners LP,US
BMB MUNAI INC,US
CHAPARRAL RESOURCES INC,US
LL&E ROYALTY TRUST,US
ECOPETROL SA,CO
SHELL LAND & ENERGY CO,US
PIONEER ENERGY SERVICES CORP,US
CENTRAL NATURAL RESOURCES INC,US
Atlas Resource Partners LP,US
QUICKSILVER RESOURCES INC,US
ROWLAND MARCUS C,US
SinoTech Energy Ltd,KY
ANADARKO PRODUCTION CO,US
DUMA ENERGY CORP,US
SABINE ROYALTY TRUST,US
DELAWARE EPL OF TEXAS LLC,US
ANTRY LISA L & STEVE A,US
MAJESTIC OIL & GAS,US
GeoPark Ltd,BM
CHESAPEAKE KNAN ACQUISITION LLC,US
Energy USA XXI Inc,US
Blaze Energy Corp,US
Archer Ltd,BM
MEXCO ENERGY CORP,US
FAR EAST ENERGY CORP,US
MEWBOURNE ENERGY PARTNERS 00 A LP,US
FOREST OIL CORP,US
Atlas Resources Public #18 2009 (C) LP,US
PENN WEST PETROLEUM LTD,CA
BP CORP NORTH AMERICA INC,US
Jones Energy Inc,US
LinnCo LLC,US
Champion American Energy Reserves Inc,US
HOMELAND RESOURCES LTD,US
North Texas Energy Inc,US
CHENIERE ENERGY INC,US
WesternZagros Resources Ltd,CA
PLAINS ILLINOIS INC,US
NOBLE ENERGY INC,US
PMCT INC,US
Resolute Energy Corp,US
On Demand Heavy Duty Corp,US
CNOOC Finance (2013) Ltd,HK
Emerald Oil Inc,US
Atlas America Series 27 2006 LP,US
TECHNOL FUEL CONDITIONERS INC,US
Storm Cat Energy CORP,CA
Petron Energy II Inc,US
